分组,组内序号,原表行号,模块,函数名,并行或串行,未绑核ms,绑核ms,混合精度ms,混精加速比,误差max_abs,混精是否有时间收益,备注,灵昇592_float_ms,灵昇592_double_ms,灵昇592加速比,灵昇592_max_abs,灵昇误差可判定,灵昇误差小于1e-5,灵昇float更快,灵昇复测
能做混合精度,1,3,Filtering/AnisotropicSmoothing,CurvatureAnisotropicDiffusionImageFilter,并行,21133.1369,21000.7996,20752.8335,1.0119,8e-06,是,"灵昇 592 核已做单精度对双精度对比。float 4971.7569 ms，double 4934.1439 ms，加速比 0.9924，max_abs 0.000008。误差可判定：是；小于 1e-5：是；float 更快：否。当前库复测，作业 1800229，累加开关打开，iter=50, conductance=3, timeStep=0.125。float 像素进出，内部按 double 迭代。",4971.7569,4934.1439,0.9924,0.000008,是,是,否,已测
能做混合精度,2,4,Filtering/AnisotropicSmoothing,GradientAnisotropicDiffusionImageFilter,并行,19812.9150,19622.7802,19640.0456,0.9991,8e-06,否,"灵昇 592 核已做单精度对双精度对比。float 5393.7108 ms，double 5368.9117 ms，加速比 0.9954，max_abs 0.000008。误差可判定：是；小于 1e-5：是；float 更快：否。当前库复测，作业 1800229，累加开关打开，iter=50, conductance=3, timeStep=0.125。float 像素进出，内部按 double 迭代。",5393.7108,5368.9117,0.9954,0.000008,是,是,否,已测
能做混合精度,3,5,Filtering/AnisotropicSmoothing,VectorCurvatureAnisotropicDiffusionImageFilter,并行,312.8425,246.1250,,,,,灵昇 592 核已做单精度对双精度对比。float 446.9178 ms，double 528.8479 ms，加速比 1.1833，max_abs 0。误差可判定：是；小于 1e-5：是；float 更快：是。算子 bench，作业 1799867，1024，592 核。,446.9178,528.8479,1.1833,0,是,是,是,已测
能做混合精度,4,6,Filtering/AnisotropicSmoothing,VectorGradientAnisotropicDiffusionImageFilter,并行,314.2841,236.8593,,,,,灵昇 592 核已做单精度对双精度对比。float 447.0003 ms，double 542.0450 ms，加速比 1.2126，max_abs 0。误差可判定：是；小于 1e-5：是；float 更快：是。算子 bench，作业 1799867，1024，592 核。,447.0003,542.0450,1.2126,0,是,是,是,已测
能做混合精度,5,7,Filtering/AntiAlias,AntiAliasBinaryImageFilter,并行,74.6363,75.9427,69.1919,1.0976,2.2e-07,是,灵昇 592 核已做单精度对双精度对比。float 227.8046 ms，double 255.6941 ms，加速比 1.1224，max_abs 0.00000022。误差可判定：是；小于 1e-5：是；float 更快：是。算子 bench，作业 1799867，1024，592 核。,227.8046,255.6941,1.1224,0.00000022,是,是,是,已测
能做混合精度,6,8,Filtering/BiasCorrection,MRIBiasFieldCorrectionFilter,并行,77.4790,73.8904,43.6892,1.6913,0,是,灵昇 592 核已做单精度对双精度对比。float 63.9780 ms，double 64.2540 ms，加速比 1.0043，max_abs 0。误差可判定：是；小于 1e-5：是；float 更快：是。算子 bench，作业 1799867，1024，592 核。,63.9780,64.2540,1.0043,0,是,是,是,已测
能做混合精度,7,9,Filtering/BiasCorrection,N4BiasFieldCorrectionImageFilter,并行,378.5357,354.5860,363.8183,0.9746,0,否,灵昇 592 核已做单精度对双精度对比。float 853.6323 ms，double 928.2977 ms，加速比 1.0875，max_abs 0.00000763。误差可判定：是；小于 1e-5：是；float 更快：是。算子 bench，作业 1799867，1024，592 核。,853.6323,928.2977,1.0875,0.00000763,是,是,是,已测
能做混合精度,8,10,Filtering/BinaryMathematicalMorphology,BinaryClosingByReconstructionImageFilter,串行,,,,,,,灵昇 592 核已做单精度对双精度对比。float 172.4956 ms，double 187.1849 ms，加速比 1.0852，max_abs 0.00000000。误差可判定：是；小于 1e-5：是；float 更快：是。算子 bench，作业 1799867，1024，592 核。,172.4956,187.1849,1.0852,0.00000000,是,是,是,已测
能做混合精度,9,11,Filtering/BinaryMathematicalMorphology,BinaryDilateImageFilter,并行,472.3188,470.5893,471.8393,0.9974,0,否,灵昇 592 核已做单精度对双精度对比。float 81.8121 ms，double 100.5649 ms，加速比 1.2292，max_abs 0.00000000。误差可判定：是；小于 1e-5：是；float 更快：是。算子 bench，作业 1799867，1024，592 核。,81.8121,100.5649,1.2292,0.00000000,是,是,是,已测
能做混合精度,10,12,Filtering/BinaryMathematicalMorphology,BinaryErodeImageFilter,并行,642.7765,646.0336,638.1484,1.0124,,是,灵昇 592 核已做单精度对双精度对比。float 109.9556 ms，double 129.8992 ms，加速比 1.1814，max_abs 179769313486231570814527423731704356798070567525844996598917476803157260780028538760589558632766878171540458953514382464234321326889464182768467546703537516986049910576551282076245490090389328944075868508455133942304583236903222948165808559332123348274797826204144723168738177180919299881250404026184124858368.00000000。误差可判定：是；小于 1e-5：否；float 更快：是。算子 bench，作业 1799867，1024，592 核。,109.9556,129.8992,1.1814,179769313486231570814527423731704356798070567525844996598917476803157260780028538760589558632766878171540458953514382464234321326889464182768467546703537516986049910576551282076245490090389328944075868508455133942304583236903222948165808559332123348274797826204144723168738177180919299881250404026184124858368.00000000,是,否,是,已测
能做混合精度,11,13,Filtering/BinaryMathematicalMorphology,BinaryMorphologicalClosingImageFilter,并行,1157.5559,1153.6995,1284.4092,0.8982,0,否,灵昇 592 核已做单精度对双精度对比。float 229.3171 ms，double 238.3607 ms，加速比 1.0394，max_abs 0.00000000。误差可判定：是；小于 1e-5：是；float 更快：是。算子 bench，作业 1799867，1024，592 核。,229.3171,238.3607,1.0394,0.00000000,是,是,是,已测
能做混合精度,12,14,Filtering/BinaryMathematicalMorphology,BinaryMorphologicalOpeningImageFilter,并行,1109.2273,1114.9991,1105.3446,1.0087,0,是,灵昇 592 核已做单精度对双精度对比。float 190.6664 ms，double 210.5850 ms，加速比 1.1045，max_abs 0.00000000。误差可判定：是；小于 1e-5：是；float 更快：是。算子 bench，作业 1799867，1024，592 核。,190.6664,210.5850,1.1045,0.00000000,是,是,是,已测
能做混合精度,13,16,Filtering/BinaryMathematicalMorphology,BinaryOpeningByReconstructionImageFilter,串行,,,,,,,灵昇 592 核已做单精度对双精度对比。float 197.2310 ms，double 211.8666 ms，加速比 1.0742，max_abs 0.00000000。误差可判定：是；小于 1e-5：是；float 更快：是。算子 bench，作业 1799867，1024，592 核。,197.2310,211.8666,1.0742,0.00000000,是,是,是,已测
能做混合精度,14,17,Filtering/BinaryMathematicalMorphology,BinaryPruningImageFilter,串行,,,,,,,灵昇 592 核已做单精度对双精度对比。float 174.5283 ms，double 189.5027 ms，加速比 1.0858，max_abs 0.00000000。误差可判定：是；小于 1e-5：是；float 更快：是。算子 bench，作业 1799867，1024，592 核。,174.5283,189.5027,1.0858,0.00000000,是,是,是,已测
能做混合精度,15,18,Filtering/BinaryMathematicalMorphology,BinaryThinningImageFilter,串行,,,,,,,灵昇 592 核已做单精度对双精度对比。float 5.0874 ms，double 5.0316 ms，加速比 0.9890，max_abs 0。误差可判定：是；小于 1e-5：是；float 更快：否。作业 1803449，64×64 合成十字二值图。1024 脑图上会超时。,5.0874,5.0316,0.9890,0,是,是,否,已测
能做混合精度,16,19,Filtering/BinaryMathematicalMorphology,DilateObjectMorphologyImageFilter,并行,1.9976,2.0368,1.4297,1.4246,0,是,灵昇 592 核已做单精度对双精度对比。float 12.5951 ms，double 12.0231 ms，加速比 0.9546，max_abs 0.00000000。误差可判定：是；小于 1e-5：是；float 更快：否。算子 bench，作业 1799867，1024，592 核。,12.5951,12.0231,0.9546,0.00000000,是,是,否,已测
能做混合精度,17,20,Filtering/BinaryMathematicalMorphology,ErodeObjectMorphologyImageFilter,并行,1.8747,1.7928,1.5962,1.1232,1,是,灵昇 592 核已做单精度对双精度对比。float 12.0276 ms，double 11.7084 ms，加速比 0.9735，max_abs 1.00000000。误差可判定：是；小于 1e-5：否；float 更快：否。算子 bench，作业 1799867，1024，592 核。,12.0276,11.7084,0.9735,1.00000000,是,否,否,已测
能做混合精度,18,21,Filtering/BinaryMathematicalMorphology,FastIncrementalBinaryDilateImageFilter,并行,37.2572,37.8968,36.1891,1.0472,0,是,灵昇 592 核已做单精度对双精度对比。float 85.4781 ms，double 98.0968 ms，加速比 1.1476，max_abs 0.00000000。误差可判定：是；小于 1e-5：是；float 更快：是。算子 bench，作业 1799867，1024，592 核。,85.4781,98.0968,1.1476,0.00000000,是,是,是,已测
能做混合精度,19,23,Filtering/Colormap,ScalarToRGBColormapImageFilter,并行,5.1354,6.1876,,,,,灵昇 592 核已做单精度对双精度对比。float 24.5792 ms，double 33.5728 ms，加速比 1.3659，max_abs 0.00000000。误差可判定：是；小于 1e-5：是；float 更快：是。算子 bench，作业 1799867，1024，592 核。,24.5792,33.5728,1.3659,0.00000000,是,是,是,已测
能做混合精度,20,24,Filtering/Convolution,ConvolutionImageFilter,并行,70.4821,70.4922,69.4997,1.0143,8e-06,是,灵昇 592 核已做单精度对双精度对比。float 10.4936 ms，double 21.8223 ms，加速比 2.0796，max_abs 0.00000732。误差可判定：是；小于 1e-5：是；float 更快：是。算子 bench，作业 1799867，1024，592 核。,10.4936,21.8223,2.0796,0.00000732,是,是,是,已测
能做混合精度,21,26,Filtering/Convolution,FFTConvolutionImageFilter,并行,235.3623,244.9971,244.8883,1.0004,8e-06,是,"灵昇 592 核已做单精度对双精度对比。float 433.6686 ms，double 437.6057 ms，加速比 1.0091，max_abs 0.000008。误差可判定：是；小于 1e-5：是；float 更快：是。套件 FFTConvolution(kernel=31,sigma=4)，作业 1799867，1024，592 核。",433.6686,437.6057,1.0091,0.000008,是,是,是,已测
能做混合精度,22,27,Filtering/Convolution,FFTNormalizedCorrelationImageFilter,并行,15766.7944,15413.4226,11906.7228,1.2945,3.28e-06,是,灵昇 592 核已做单精度对双精度对比。float 17769.9829 ms，double 21400.5706 ms，加速比 1.2043，max_abs 0.00000328。误差可判定：是；小于 1e-5：是；float 更快：是。算子 bench，作业 1799867，1024，592 核。,17769.9829,21400.5706,1.2043,0.00000328,是,是,是,已测
能做混合精度,23,28,Filtering/Convolution,MaskedFFTNormalizedCorrelationImageFilter,并行,15228.4253,16538.3620,11816.3841,1.3996,3.6e-07,是,灵昇 592 核已做单精度对双精度对比。float 17825.8805 ms，double 21333.4070 ms，加速比 1.1968，max_abs 0.00000036。误差可判定：是；小于 1e-5：是；float 更快：是。算子 bench，作业 1799867，1024，592 核。,17825.8805,21333.4070,1.1968,0.00000036,是,是,是,已测
能做混合精度,24,29,Filtering/Convolution,NormalizedCorrelationImageFilter,并行,2.1993,3.2789,1.9043,1.7218,0,是,灵昇 592 核已做单精度对双精度对比。float 8.6988 ms，double 21.9182 ms，加速比 2.5197，max_abs 0.00000000。误差可判定：是；小于 1e-5：是；float 更快：是。算子 bench，作业 1799867，1024，592 核。,8.6988,21.9182,2.5197,0.00000000,是,是,是,已测
能做混合精度,25,30,Filtering/CurvatureFlow,BinaryMinMaxCurvatureFlowImageFilter,并行,42.1919,16.5460,66.0671,0.2504,0,否,灵昇 592 核已做单精度对双精度对比。float 89.9686 ms，double 99.6556 ms，加速比 1.1077，max_abs 0.00000000。误差可判定：是；小于 1e-5：是；float 更快：是。算子 bench，作业 1799867，1024，592 核。,89.9686,99.6556,1.1077,0.00000000,是,是,是,已测
能做混合精度,26,31,Filtering/CurvatureFlow,CurvatureFlowImageFilter,并行,173.1141,168.3591,171.2194,0.9833,0,否,灵昇 592 核已做单精度对双精度对比。float 156.6581 ms，double 176.5148 ms，加速比 1.1268，max_abs 0.0105。误差可判定：是；小于 1e-5：否；float 更快：是。套件 CurvatureFlow，作业 1799867，1024，592 核。,156.6581,176.5148,1.1268,0.0105,是,否,是,已测
能做混合精度,27,32,Filtering/CurvatureFlow,MinMaxCurvatureFlowImageFilter,并行,76.8542,33.4399,36.1486,0.9251,7.63e-06,否,灵昇 592 核已做单精度对双精度对比。float 144.4754 ms，double 156.7361 ms，加速比 1.0849，max_abs 0.88824236。误差可判定：是；小于 1e-5：否；float 更快：是。算子 bench，作业 1799867，1024，592 核。,144.4754,156.7361,1.0849,0.88824236,是,否,是,已测
能做混合精度,28,33,Filtering/Deconvolution,InverseDeconvolutionImageFilter,并行,219.8154,222.2555,221.3999,1.0039,0,是,灵昇 592 核已做单精度对双精度对比。float 630.4134 ms，double 675.3815 ms，加速比 1.0713，max_abs 0.00000000。误差可判定：是；小于 1e-5：是；float 更快：是。算子 bench，作业 1799867，1024，592 核。,630.4134,675.3815,1.0713,0.00000000,是,是,是,已测
能做混合精度,29,35,Filtering/Deconvolution,LandweberDeconvolutionImageFilter,并行,593.7332,578.4685,598.3225,0.9668,0,否,灵昇 592 核已做单精度对双精度对比。float 1566.5649 ms，double 1657.8845 ms，加速比 1.0583，max_abs 0.00000000。误差可判定：是；小于 1e-5：是；float 更快：是。算子 bench，作业 1799867，1024，592 核。,1566.5649,1657.8845,1.0583,0.00000000,是,是,是,已测
能做混合精度,30,36,Filtering/Deconvolution,ParametricBlindLeastSquaresDeconvolutionImageFilter,并行,17.2866,3.6277,3.9088,0.9281,0,否,灵昇 592 核已做单精度对双精度对比。float 15.9709 ms，double 14.4017 ms，加速比 0.9017，max_abs 0。误差可判定：是；小于 1e-5：是；float 更快：否。算子 bench，作业 1799867，1024，592 核。,15.9709,14.4017,0.9017,0,是,是,否,已测
能做混合精度,31,37,Filtering/Deconvolution,ProjectedIterativeDeconvolutionImageFilter,并行,2.1214,9.4706,5.1652,1.8335,0,是,灵昇 592 核已做单精度对双精度对比。float 9.8634 ms，double 8.6506 ms，加速比 0.8770，max_abs 0。误差可判定：是；小于 1e-5：是；float 更快：否。算子 bench，作业 1799867，1024，592 核。,9.8634,8.6506,0.8770,0,是,是,否,已测
能做混合精度,32,38,Filtering/Deconvolution,ProjectedLandweberDeconvolutionImageFilter,并行,582.7890,589.6961,584.4340,1.0090,0,是,灵昇 592 核已做单精度对双精度对比。float 1477.8455 ms，double 1563.7859 ms，加速比 1.0582，max_abs 0.00000000。误差可判定：是；小于 1e-5：是；float 更快：是。算子 bench，作业 1799867，1024，592 核。,1477.8455,1563.7859,1.0582,0.00000000,是,是,是,已测
能做混合精度,33,39,Filtering/Deconvolution,RichardsonLucyDeconvolutionImageFilter,并行,934.8868,938.1531,928.8300,1.0100,0,是,灵昇 592 核已做单精度对双精度对比。float 2870.7802 ms，double 2886.0829 ms，加速比 1.0053，max_abs 0.00000000。误差可判定：是；小于 1e-5：是；float 更快：是。算子 bench，作业 1799867，1024，592 核。,2870.7802,2886.0829,1.0053,0.00000000,是,是,是,已测
能做混合精度,34,40,Filtering/Deconvolution,TikhonovDeconvolutionImageFilter,并行,214.7756,218.6277,211.3301,1.0345,0,是,灵昇 592 核已做单精度对双精度对比。float 655.3495 ms，double 634.4370 ms，加速比 0.9681，max_abs 0.00000000。误差可判定：是；小于 1e-5：是；float 更快：否。算子 bench，作业 1799867，1024，592 核。,655.3495,634.4370,0.9681,0.00000000,是,是,否,已测
能做混合精度,35,41,Filtering/Deconvolution,WienerDeconvolutionImageFilter,并行,221.6215,212.5720,211.3942,1.0056,0,是,灵昇 592 核已做单精度对双精度对比。float 672.7202 ms，double 670.5117 ms，加速比 0.9967，max_abs 0.00000000。误差可判定：是；小于 1e-5：是；float 更快：否。算子 bench，作业 1799867，1024，592 核。,672.7202,670.5117,0.9967,0.00000000,是,是,否,已测
能做混合精度,36,43,Filtering/Denoising,PatchBasedDenoisingImageFilter,并行,877.8063,893.6198,847.9688,1.0538,0,是,灵昇 592 核已做单精度对双精度对比。float 2889.1790 ms，double 2299.0726 ms，加速比 0.7958，max_abs 0。误差可判定：是；小于 1e-5：是；float 更快：否。算子 bench，作业 1799867，1024，592 核。,2889.1790,2299.0726,0.7958,0,是,是,否,已测
能做混合精度,37,44,Filtering/DiffusionTensorImage,DiffusionTensor3DReconstructionImageFilter,并行,121.5540,114.8369,,,,,灵昇 592 核已做单精度对双精度对比。float 147.6131 ms，double 147.6536 ms，加速比 1.0003，max_abs 0。误差可判定：是；小于 1e-5：是；float 更快：是。算子 bench，作业 1799867，1024，592 核。,147.6131,147.6536,1.0003,0,是,是,是,已测
能做混合精度,38,45,Filtering/DiffusionTensorImage,TensorFractionalAnisotropyImageFilter,并行,0.0640,0.0663,0.0705,0.9404,0,否,灵昇 592 核已做单精度对双精度对比。float 0.2379 ms，double 0.2005 ms，加速比 0.8428，max_abs 0。误差可判定：是；小于 1e-5：是；float 更快：否。算子 bench，作业 1799867，1024，592 核。,0.2379,0.2005,0.8428,0,是,是,否,已测
能做混合精度,39,46,Filtering/DiffusionTensorImage,TensorRelativeAnisotropyImageFilter,并行,0.0681,0.0673,0.0701,0.9601,0,否,灵昇 592 核已做单精度对双精度对比。float 0.2348 ms，double 0.1993 ms，加速比 0.8488，max_abs 0。误差可判定：是；小于 1e-5：是；float 更快：否。算子 bench，作业 1799867，1024，592 核。,0.2348,0.1993,0.8488,0,是,是,否,已测
能做混合精度,40,47,Filtering/DisplacementField,ComposeDisplacementFieldsImageFilter,并行,3.7248,6.2867,,,,,灵昇 592 核已做单精度对双精度对比。float 10.4277 ms，double 11.0878 ms，加速比 1.0633，max_abs 0.00000000。误差可判定：是；小于 1e-5：是；float 更快：是。算子 bench，作业 1799867，1024，592 核。,10.4277,11.0878,1.0633,0.00000000,是,是,是,已测
能做混合精度,41,48,Filtering/DisplacementField,DisplacementFieldJacobianDeterminantFilter,并行,2.6367,2.5333,2.5414,0.9968,0,否,灵昇 592 核已做单精度对双精度对比。float 18.6545 ms，double 19.9939 ms，加速比 1.0718，max_abs 0.00000000。误差可判定：是；小于 1e-5：是；float 更快：是。算子 bench，作业 1799867，1024，592 核。,18.6545,19.9939,1.0718,0.00000000,是,是,是,已测
能做混合精度,42,49,Filtering/DisplacementField,DisplacementFieldToBSplineImageFilter,并行,5.1603,4.9046,,,,,灵昇 592 核已做单精度对双精度对比。float 36.9383 ms，double 37.3177 ms，加速比 1.0103，max_abs 0。误差可判定：是；小于 1e-5：是；float 更快：是。算子 bench，作业 1799867，1024，592 核。,36.9383,37.3177,1.0103,0,是,是,是,已测
能做混合精度,43,50,Filtering/DisplacementField,ExponentialDisplacementFieldImageFilter,并行,3.3207,3.3735,,,,,灵昇 592 核已做单精度对双精度对比。float 13.7599 ms，double 13.1006 ms，加速比 0.9521，max_abs 0.00000000。误差可判定：是；小于 1e-5：是；float 更快：否。算子 bench，作业 1799867，1024，592 核。,13.7599,13.1006,0.9521,0.00000000,是,是,否,已测
能做混合精度,44,51,Filtering/DisplacementField,InverseDisplacementFieldImageFilter,并行,3.9996,0.4049,,,,,灵昇 592 核已做单精度对双精度对比。float 0.8158 ms，double 0.7807 ms，加速比 0.9570，max_abs 0.00000000。误差可判定：是；小于 1e-5：是；float 更快：否。算子 bench，作业 1799867，1024，592 核。,0.8158,0.7807,0.9570,0.00000000,是,是,否,已测
能做混合精度,45,52,Filtering/DisplacementField,InvertDisplacementFieldImageFilter,并行,40.5953,33.3201,,,,,灵昇 592 核已做单精度对双精度对比。float 117.7038 ms，double 157.7151 ms，加速比 1.3399，max_abs 0.00000000。误差可判定：是；小于 1e-5：是；float 更快：是。算子 bench，作业 1799867，1024，592 核。,117.7038,157.7151,1.3399,0.00000000,是,是,是,已测
能做混合精度,46,53,Filtering/DisplacementField,IterativeInverseDisplacementFieldImageFilter,并行,550.5214,532.4536,,,,,灵昇 592 核已做单精度对双精度对比。float 2039.4140 ms，double 2059.9331 ms，加速比 1.0101，max_abs 0。误差可判定：是；小于 1e-5：是；float 更快：是。算子 bench，作业 1799867，1024，592 核。,2039.4140,2059.9331,1.0101,0,是,是,是,已测
能做混合精度,47,54,Filtering/DisplacementField,TimeVaryingVelocityFieldIntegrationImageFilter,并行,0.3944,0.1780,,,,,灵昇 592 核已做单精度对双精度对比。float 1.8713 ms，double 0.6979 ms，加速比 0.3729，max_abs 0。误差可判定：是；小于 1e-5：是；float 更快：否。算子 bench，作业 1799867，1024，592 核。,1.8713,0.6979,0.3729,0,是,是,否,已测
能做混合精度,48,55,Filtering/DisplacementField,TransformToDisplacementFieldFilter,并行,0.5321,0.6411,,,,,灵昇 592 核已做单精度对双精度对比。float 8.5391 ms，double 8.5345 ms，加速比 0.9995，max_abs 0。误差可判定：是；小于 1e-5：是；float 更快：否。算子 bench，作业 1799867，1024，592 核。,8.5391,8.5345,0.9995,0,是,是,否,已测
能做混合精度,49,56,Filtering/DistanceMap,ApproximateSignedDistanceMapImageFilter,并行,82.5000,90.9902,79.6942,1.1417,2.4e-07,是,灵昇 592 核已做单精度对双精度对比。float 230.2142 ms，double 276.2816 ms，加速比 1.2001，max_abs 0.00000024。误差可判定：是；小于 1e-5：是；float 更快：是。算子 bench，作业 1799867，1024，592 核。,230.2142,276.2816,1.2001,0.00000024,是,是,是,已测
能做混合精度,50,57,Filtering/DistanceMap,ContourDirectedMeanDistanceImageFilter,并行,10.8961,10.6658,,,,,灵昇 592 核已做单精度对双精度对比。float 69.7570 ms，double 70.0787 ms，加速比 1.0046，max_abs 0.00000000。误差可判定：是；小于 1e-5：是；float 更快：是。算子 bench，作业 1799867，1024，592 核。,69.7570,70.0787,1.0046,0.00000000,是,是,是,已测
能做混合精度,51,58,Filtering/DistanceMap,ContourMeanDistanceImageFilter,并行,23.4468,22.5678,,,,,灵昇 592 核已做单精度对双精度对比。float 141.0003 ms，double 144.5602 ms，加速比 1.0252，max_abs 0.00000000。误差可判定：是；小于 1e-5：是；float 更快：是。算子 bench，作业 1799867，1024，592 核。,141.0003,144.5602,1.0252,0.00000000,是,是,是,已测
能做混合精度,52,59,Filtering/DistanceMap,DanielssonDistanceMapImageFilter,并行,1806.5119,120.3796,117.2154,1.0270,1.526e-05,是,灵昇 592 核已做单精度对双精度对比。float 392.2594 ms，double 430.0120 ms，加速比 1.0962，max_abs 0.00001526。误差可判定：是；小于 1e-5：否；float 更快：是。算子 bench，作业 1799867，1024，592 核。,392.2594,430.0120,1.0962,0.00001526,是,否,是,已测
能做混合精度,53,60,Filtering/DistanceMap,DirectedHausdorffDistanceImageFilter,并行,9.2691,10.9660,,,,,灵昇 592 核已做单精度对双精度对比。float 72.7373 ms，double 72.0422 ms，加速比 0.9904，max_abs 0.00000000。误差可判定：是；小于 1e-5：是；float 更快：否。算子 bench，作业 1799867，1024，592 核。,72.7373,72.0422,0.9904,0.00000000,是,是,否,已测
能做混合精度,54,61,Filtering/DistanceMap,FastChamferDistanceImageFilter,并行,72.9998,73.1071,66.2936,1.1028,0,是,灵昇 592 核已做单精度对双精度对比。float 141.4137 ms，double 163.9733 ms，加速比 1.1595，max_abs 0.00000000。误差可判定：是；小于 1e-5：是；float 更快：是。算子 bench，作业 1799867，1024，592 核。,141.4137,163.9733,1.1595,0.00000000,是,是,是,已测
能做混合精度,55,62,Filtering/DistanceMap,HausdorffDistanceImageFilter,并行,16.8998,24.3082,,,,,灵昇 592 核已做单精度对双精度对比。float 138.9430 ms，double 141.9539 ms，加速比 1.0217，max_abs 0.00000000。误差可判定：是；小于 1e-5：是；float 更快：是。算子 bench，作业 1799867，1024，592 核。,138.9430,141.9539,1.0217,0.00000000,是,是,是,已测
能做混合精度,56,63,Filtering/DistanceMap,IsoContourDistanceImageFilter,并行,12.4449,11.3825,11.9621,0.9515,1e-08,否,灵昇 592 核已做单精度对双精度对比。float 69.4480 ms，double 71.0106 ms，加速比 1.0225，max_abs 0.00000001。误差可判定：是；小于 1e-5：是；float 更快：是。算子 bench，作业 1799867，1024，592 核。,69.4480,71.0106,1.0225,0.00000001,是,是,是,已测
能做混合精度,57,64,Filtering/DistanceMap,SignedDanielssonDistanceMapImageFilter,并行,3543.9233,251.8931,241.6126,1.0425,1.526e-05,是,灵昇 592 核已做单精度对双精度对比。float 791.1480 ms，double 805.7206 ms，加速比 1.0184，max_abs 0.00001526。误差可判定：是；小于 1e-5：否；float 更快：是。算子 bench，作业 1799867，1024，592 核。,791.1480,805.7206,1.0184,0.00001526,是,否,是,已测
能做混合精度,58,65,Filtering/DistanceMap,SignedMaurerDistanceMapImageFilter,并行,27.9253,29.2905,30.1481,0.9716,0,否,灵昇 592 核已做单精度对双精度对比。float 65.7250 ms，double 59.0155 ms，加速比 0.8979，max_abs 0.00001526。误差可判定：是；小于 1e-5：否；float 更快：否。算子 bench，作业 1799867，1024，592 核。,65.7250,59.0155,0.8979,0.00001526,是,否,否,已测
能做混合精度,59,68,Filtering/FFT,FFTPadImageFilter,并行,2.3474,2.4313,1.1022,2.2059,0,是,灵昇 592 核已做单精度对双精度对比。float 7.3658 ms，double 17.8280 ms，加速比 2.4204，max_abs 0.00000000。误差可判定：是；小于 1e-5：是；float 更快：是。算子 bench，作业 1799867，1024，592 核。,7.3658,17.8280,2.4204,0.00000000,是,是,是,已测
能做混合精度,60,69,Filtering/FFT,FFTShiftImageFilter,并行,4.0145,9.3571,3.7683,2.4831,0,是,灵昇 592 核已做单精度对双精度对比。float 7.5770 ms，double 18.3491 ms，加速比 2.4217，max_abs 0.00000000。误差可判定：是；小于 1e-5：是；float 更快：是。算子 bench，作业 1799867，1024，592 核。,7.5770,18.3491,2.4217,0.00000000,是,是,是,已测
能做混合精度,61,80,Filtering/FFT,FullToHalfHermitianImageFilter,并行,1.3235,1.1925,,,,,灵昇 592 核已做单精度对双精度对比。float 9.1460 ms，double 9.4221 ms，加速比 1.0302，max_abs 0。误差可判定：是；小于 1e-5：是；float 更快：是。算子 bench，作业 1799867，1024，592 核。,9.1460,9.4221,1.0302,0,是,是,是,已测
能做混合精度,62,82,Filtering/FFT,HalfToFullHermitianImageFilter,并行,1.4162,1.8358,,,,,灵昇 592 核已做单精度对双精度对比。float 9.8998 ms，double 10.4431 ms，加速比 1.0549，max_abs 0。误差可判定：是；小于 1e-5：是；float 更快：是。算子 bench，作业 1799867，1024，592 核。,9.8998,10.4431,1.0549,0,是,是,是,已测
能做混合精度,63,86,Filtering/FFT,VnlComplexToComplex1DFFTImageFilter,并行,0.2563,0.2595,0.2552,1.0168,0,是,灵昇 592 核已做单精度对双精度对比。float 1.2372 ms，double 0.8359 ms，加速比 0.6756，max_abs 0。误差可判定：是；小于 1e-5：是；float 更快：否。算子 bench，作业 1799867，1024，592 核。,1.2372,0.8359,0.6756,0,是,是,否,已测
能做混合精度,64,87,Filtering/FFT,VnlComplexToComplexFFTImageFilter,并行,0.3969,0.8376,0.8525,0.9825,0,否,灵昇 592 核已做单精度对双精度对比。float 1.4481 ms，double 1.0504 ms，加速比 0.7254，max_abs 0。误差可判定：是；小于 1e-5：是；float 更快：否。算子 bench，作业 1799867，1024，592 核。,1.4481,1.0504,0.7254,0,是,是,否,已测
能做混合精度,65,88,Filtering/FFT,VnlForward1DFFTImageFilter,并行,2.1010,1.8332,,,,,灵昇 592 核已做单精度对双精度对比。float 10.3774 ms，double 10.7697 ms，加速比 1.0378，max_abs 0。误差可判定：是；小于 1e-5：是；float 更快：是。算子 bench，作业 1799867，1024，592 核。,10.3774,10.7697,1.0378,0,是,是,是,已测
能做混合精度,66,89,Filtering/FFT,VnlForwardFFTImageFilter,并行,141.9889,146.9076,,,,,灵昇 592 核已做单精度对双精度对比。float 123.7489 ms，double 185.7560 ms，加速比 1.5011，max_abs 0.00000000。误差可判定：是；小于 1e-5：是；float 更快：是。算子 bench，作业 1799867，1024，592 核。,123.7489,185.7560,1.5011,0.00000000,是,是,是,已测
能做混合精度,67,90,Filtering/FFT,VnlHalfHermitianToRealInverseFFTImageFilter,并行,146.1166,143.8535,,,,,灵昇 592 核已做单精度对双精度对比。float 115.0195 ms，double 140.1699 ms，加速比 1.2187，max_abs 0。误差可判定：是；小于 1e-5：是；float 更快：是。算子 bench，作业 1799867，1024，592 核。,115.0195,140.1699,1.2187,0,是,是,是,已测
能做混合精度,68,91,Filtering/FFT,VnlInverse1DFFTImageFilter,并行,1.6801,1.7748,,,,,灵昇 592 核已做单精度对双精度对比。float 9.1802 ms，double 9.2790 ms，加速比 1.0108，max_abs 0。误差可判定：是；小于 1e-5：是；float 更快：是。算子 bench，作业 1799867，1024，592 核。,9.1802,9.2790,1.0108,0,是,是,是,已测
能做混合精度,69,92,Filtering/FFT,VnlInverseFFTImageFilter,并行,274.8204,276.4924,,,,,灵昇 592 核已做单精度对双精度对比。float 215.7476 ms，double 314.8236 ms，加速比 1.4592，max_abs 0.00000000。误差可判定：是；小于 1e-5：是；float 更快：是。算子 bench，作业 1799867，1024，592 核。,215.7476,314.8236,1.4592,0.00000000,是,是,是,已测
能做混合精度,70,93,Filtering/FFT,VnlRealToHalfHermitianForwardFFTImageFilter,并行,135.3814,142.5740,,,,,灵昇 592 核已做单精度对双精度对比。float 105.1463 ms，double 124.5796 ms，加速比 1.1848，max_abs 0。误差可判定：是；小于 1e-5：是；float 更快：是。算子 bench，作业 1799867，1024，592 核。,105.1463,124.5796,1.1848,0,是,是,是,已测
能做混合精度,71,94,Filtering/FastMarching,FastMarchingExtensionImageFilter,串行,,,,,,,灵昇 592 核已做单精度对双精度对比。float 1313.5657 ms，double 1389.2008 ms，加速比 1.0576，max_abs 0.00158745。误差可判定：是；小于 1e-5：否；float 更快：是。算子 bench，作业 1799867，1024，592 核。,1313.5657,1389.2008,1.0576,0.00158745,是,否,是,已测
能做混合精度,72,96,Filtering/FastMarching,FastMarchingImageFilter,串行,,,,,,,灵昇 592 核已做单精度对双精度对比。float 1145.1448 ms，double 1154.3712 ms，加速比 1.0081，max_abs 0.00158745。误差可判定：是；小于 1e-5：否；float 更快：是。算子 bench，作业 1799867，1024，592 核。,1145.1448,1154.3712,1.0081,0.00158745,是,否,是,已测
能做混合精度,73,99,Filtering/FastMarching,FastMarchingUpwindGradientImageFilter,串行,,,,,,,灵昇 592 核已做单精度对双精度对比。float 1146.7602 ms，double 1167.4117 ms，加速比 1.0180，max_abs 0.00158745。误差可判定：是；小于 1e-5：否；float 更快：是。算子 bench，作业 1799867，1024，592 核。,1146.7602,1167.4117,1.0180,0.00158745,是,否,是,已测
能做混合精度,74,109,Filtering/ImageCompare,AbsoluteValueDifferenceImageFilter,并行,2.9144,3.2042,1.9479,1.6450,0,是,灵昇 592 核已做单精度对双精度对比。float 7.4346 ms，double 18.2302 ms，加速比 2.4521，max_abs 0.00000000。误差可判定：是；小于 1e-5：是；float 更快：是。算子 bench，作业 1799867，1024，592 核。,7.4346,18.2302,2.4521,0.00000000,是,是,是,已测
能做混合精度,75,110,Filtering/ImageCompare,CheckerBoardImageFilter,并行,1.7924,1.5740,0.7958,1.9779,0,是,灵昇 592 核已做单精度对双精度对比。float 8.0038 ms，double 20.8702 ms，加速比 2.6075，max_abs 0.00000000。误差可判定：是；小于 1e-5：是；float 更快：是。算子 bench，作业 1799867，1024，592 核。,8.0038,20.8702,2.6075,0.00000000,是,是,是,已测
能做混合精度,76,111,Filtering/ImageCompare,STAPLEImageFilter,并行,32.1203,32.2864,,,,,灵昇 592 核已做单精度对双精度对比。float 82.2631 ms，double 71.1567 ms，加速比 0.8650，max_abs 0.00000000。误差可判定：是；小于 1e-5：是；float 更快：否。算子 bench，作业 1799867，1024，592 核。,82.2631,71.1567,0.8650,0.00000000,是,是,否,已测
能做混合精度,77,112,Filtering/ImageCompare,SimilarityIndexImageFilter,并行,3.4335,3.7729,,,,,灵昇 592 核已做单精度对双精度对比。float 18.3475 ms，double 16.1626 ms，加速比 0.8809，max_abs 0.00000000。误差可判定：是；小于 1e-5：是；float 更快：否。算子 bench，作业 1799867，1024，592 核。,18.3475,16.1626,0.8809,0.00000000,是,是,否,已测
能做混合精度,78,113,Filtering/ImageCompare,SquaredDifferenceImageFilter,并行,3.1568,2.9886,1.7046,1.7533,0,是,灵昇 592 核已做单精度对双精度对比。float 7.5413 ms，double 18.0295 ms，加速比 2.3908，max_abs 0.00000000。误差可判定：是；小于 1e-5：是；float 更快：是。算子 bench，作业 1799867，1024，592 核。,7.5413,18.0295,2.3908,0.00000000,是,是,是,已测
能做混合精度,79,114,Filtering/ImageCompose,ComposeImageFilter,并行,2.5585,1.7447,,,,,灵昇 592 核已做单精度对双精度对比。float 8.6741 ms，double 17.4328 ms，加速比 2.0098，max_abs 0.00000000。误差可判定：是；小于 1e-5：是；float 更快：是。算子 bench，作业 1799867，1024，592 核。,8.6741,17.4328,2.0098,0.00000000,是,是,是,已测
能做混合精度,80,115,Filtering/ImageCompose,JoinImageFilter,并行,1.2440,1.3244,,,,,灵昇 592 核已做单精度对双精度对比。float 9.5584 ms，double 18.8556 ms，加速比 1.9727，max_abs 0.00000000。误差可判定：是；小于 1e-5：是；float 更快：是。算子 bench，作业 1799867，1024，592 核。,9.5584,18.8556,1.9727,0.00000000,是,是,是,已测
能做混合精度,81,116,Filtering/ImageCompose,JoinSeriesImageFilter,并行,2.3231,2.5168,,,,,灵昇 592 核已做单精度对双精度对比。float 2.9115 ms，double 14.7034 ms，加速比 5.0501，max_abs 0.00000000。误差可判定：是；小于 1e-5：是；float 更快：是。算子 bench，作业 1799867，1024，592 核。,2.9115,14.7034,5.0501,0.00000000,是,是,是,已测
能做混合精度,82,117,Filtering/ImageFeature,BilateralImageFilter,并行,1113.7337,1113.4837,1115.5157,0.9982,8e-06,否,"灵昇 592 核已做单精度对双精度对比。float 64.1074 ms，double 77.7667 ms，加速比 1.2131，max_abs 0.000506352。误差可判定：是；小于 1e-5：否；float 更快：是。当前库复测，作业 1800229，累加开关打开，domainSigma=4, rangeSigma=50, runs=3。domainSigma=3 的 max_abs=0.000405284，同样大于 1e-5。",64.1074,77.7667,1.2131,0.000506352,是,否,是,已测
能做混合精度,83,118,Filtering/ImageFeature,CannyEdgeDetectionImageFilter,并行,22.5764,21.2230,19.1139,1.1103,0,是,灵昇 592 核已做单精度对双精度对比。float 71.8348 ms，double 95.4221 ms，加速比 1.3284，max_abs 0.00000000。误差可判定：是；小于 1e-5：是；float 更快：是。算子 bench，作业 1799867，1024，592 核。,71.8348,95.4221,1.3284,0.00000000,是,是,是,已测
能做混合精度,84,119,Filtering/ImageFeature,DerivativeImageFilter,并行,2.8562,3.7847,1.5138,2.5001,0,是,灵昇 592 核已做单精度对双精度对比。float 7.8958 ms，double 19.4418 ms，加速比 2.4623，max_abs 0.00000000。误差可判定：是；小于 1e-5：是；float 更快：是。算子 bench，作业 1799867，1024，592 核。,7.8958,19.4418,2.4623,0.00000000,是,是,是,已测
能做混合精度,85,120,Filtering/ImageFeature,DiscreteGaussianDerivativeImageFilter,并行,7.4059,9.7840,7.8634,1.2442,4.5e-07,是,灵昇 592 核已做单精度对双精度对比。float 40.7438 ms，double 64.0212 ms，加速比 1.5713，max_abs 0.00000045。误差可判定：是；小于 1e-5：是；float 更快：是。算子 bench，作业 1799867，1024，592 核。,40.7438,64.0212,1.5713,0.00000045,是,是,是,已测
能做混合精度,86,121,Filtering/ImageFeature,GradientVectorFlowImageFilter,并行,2.7059,2.4052,,,,,灵昇 592 核已做单精度对双精度对比。float 9.4031 ms，double 9.7968 ms，加速比 1.0419，max_abs 0。误差可判定：是；小于 1e-5：是；float 更快：是。算子 bench，作业 1799867，1024，592 核。,9.4031,9.7968,1.0419,0,是,是,是,已测
能做混合精度,87,122,Filtering/ImageFeature,Hessian3DToVesselnessMeasureImageFilter,并行,3.1805,6.9133,6.4988,1.0638,0,是,灵昇 592 核已做单精度对双精度对比。float 14.4884 ms，double 13.8649 ms，加速比 0.9570，max_abs 0。误差可判定：是；小于 1e-5：是；float 更快：否。算子 bench，作业 1799867，1024，592 核。,14.4884,13.8649,0.9570,0,是,是,否,已测
能做混合精度,88,123,Filtering/ImageFeature,HessianRecursiveGaussianImageFilter,并行,40.2087,35.2820,,,,,灵昇 592 核已做单精度对双精度对比。float 132.7647 ms，double 135.4944 ms，加速比 1.0206，max_abs 0.00000000。误差可判定：是；小于 1e-5：是；float 更快：是。算子 bench，作业 1799867，1024，592 核。,132.7647,135.4944,1.0206,0.00000000,是,是,是,已测
能做混合精度,89,124,Filtering/ImageFeature,HessianToObjectnessMeasureImageFilter,并行,44.3605,43.1541,40.2955,1.0709,0,是,灵昇 592 核已做单精度对双精度对比。float 154.6919 ms，double 160.6145 ms，加速比 1.0383，max_abs 0。误差可判定：是；小于 1e-5：是；float 更快：是。算子 bench，作业 1799867，1024，592 核。,154.6919,160.6145,1.0383,0,是,是,是,已测
能做混合精度,90,125,Filtering/ImageFeature,HoughTransform2DCirclesImageFilter,并行,337.6476,340.5836,,,,,灵昇 592 核已做单精度对双精度对比。float 792.8947 ms，double 678.2274 ms，加速比 0.8554，max_abs 0.00000000。误差可判定：是；小于 1e-5：是；float 更快：否。算子 bench，作业 1799867，1024，592 核。,792.8947,678.2274,0.8554,0.00000000,是,是,否,已测
能做混合精度,91,126,Filtering/ImageFeature,HoughTransform2DLinesImageFilter,并行,0.1788,0.1800,,,,,灵昇 592 核已做单精度对双精度对比。float 2.8808 ms，double 3.9542 ms，加速比 1.3726，max_abs 0。误差可判定：是；小于 1e-5：是；float 更快：是。作业 1803449，64×64 合成水平线。1024 脑图上会超时。,2.8808,3.9542,1.3726,0,是,是,是,已测
能做混合精度,92,127,Filtering/ImageFeature,LaplacianImageFilter,并行,17.3515,17.2503,16.4603,1.0480,0,是,灵昇 592 核已做单精度对双精度对比。float 7.8373 ms，double 18.6396 ms，加速比 2.3783，max_abs 0.00000000。误差可判定：是；小于 1e-5：是；float 更快：是。算子 bench，作业 1799867，1024，592 核。,7.8373,18.6396,2.3783,0.00000000,是,是,是,已测
能做混合精度,93,128,Filtering/ImageFeature,LaplacianRecursiveGaussianImageFilter,并行,19.4307,19.4580,18.2075,1.0687,0,是,灵昇 592 核已做单精度对双精度对比。float 58.4374 ms，double 74.2560 ms，加速比 1.2707，max_abs 0.00000000。误差可判定：是；小于 1e-5：是；float 更快：是。算子 bench，作业 1799867，1024，592 核。,58.4374,74.2560,1.2707,0.00000000,是,是,是,已测
能做混合精度,94,129,Filtering/ImageFeature,LaplacianSharpeningImageFilter,并行,24.0756,24.8690,27.5805,0.9017,7.23e-06,否,灵昇 592 核已做单精度对双精度对比。float 45.3554 ms，double 58.1203 ms，加速比 1.2814，max_abs 0.00000723。误差可判定：是；小于 1e-5：是；float 更快：是。算子 bench，作业 1799867，1024，592 核。,45.3554,58.1203,1.2814,0.00000723,是,是,是,已测
能做混合精度,95,130,Filtering/ImageFeature,MaskFeaturePointSelectionFilter,并行,9.2252,8.9479,,,,,灵昇 592 核已做单精度对双精度对比。float 18.1158 ms，double 18.0978 ms，加速比 0.9990，max_abs 0。误差可判定：是；小于 1e-5：是；float 更快：否。算子 bench，作业 1799867，1024，592 核。,18.1158,18.0978,0.9990,0,是,是,否,已测
能做混合精度,96,131,Filtering/ImageFeature,MultiScaleHessianBasedMeasureImageFilter,并行,6.1449,6.0957,6.1855,0.9855,0,否,灵昇 592 核已做单精度对双精度对比。float 23.4170 ms，double 26.2356 ms，加速比 1.1204，max_abs 0。误差可判定：是；小于 1e-5：是；float 更快：是。算子 bench，作业 1799867，1024，592 核。,23.4170,26.2356,1.1204,0,是,是,是,已测
能做混合精度,97,132,Filtering/ImageFeature,SimpleContourExtractorImageFilter,并行,1.8452,2.4477,0.7611,3.2160,0,是,灵昇 592 核已做单精度对双精度对比。float 8.1355 ms，double 20.3427 ms，加速比 2.5005，max_abs 0.00000000。误差可判定：是；小于 1e-5：是；float 更快：是。算子 bench，作业 1799867，1024，592 核。,8.1355,20.3427,2.5005,0.00000000,是,是,是,已测
能做混合精度,98,133,Filtering/ImageFeature,SobelEdgeDetectionImageFilter,并行,32.4765,32.7577,30.3543,1.0792,0,是,灵昇 592 核已做单精度对双精度对比。float 46.5266 ms，double 63.7472 ms，加速比 1.3701，max_abs 0.00001523。误差可判定：是；小于 1e-5：否；float 更快：是。算子 bench，作业 1799867，1024，592 核。,46.5266,63.7472,1.3701,0.00001523,是,否,是,已测
能做混合精度,99,134,Filtering/ImageFeature,UnsharpMaskImageFilter,并行,16.1183,12.8916,8.7967,1.4655,0,是,灵昇 592 核已做单精度对双精度对比。float 652.4449 ms，double 39.8447 ms，加速比 0.0611，max_abs 0.00000000。误差可判定：是；小于 1e-5：是；float 更快：否。算子 bench，作业 1799867，1024，592 核。,652.4449,39.8447,0.0611,0.00000000,是,是,否,已测
能做混合精度,100,135,Filtering/ImageFeature,ZeroCrossingBasedEdgeDetectionImageFilter,并行,7.9574,8.1501,5.7485,1.4178,1,是,灵昇 592 核已做单精度对双精度对比。float 40.9003 ms，double 56.0092 ms，加速比 1.3694，max_abs 1.00000000。误差可判定：是；小于 1e-5：否；float 更快：是。算子 bench，作业 1799867，1024，592 核。,40.9003,56.0092,1.3694,1.00000000,是,否,是,已测
能做混合精度,101,136,Filtering/ImageFeature,ZeroCrossingImageFilter,并行,9.9437,10.7744,9.6586,1.1155,0,是,灵昇 592 核已做单精度对双精度对比。float 7.6271 ms，double 18.8983 ms，加速比 2.4778，max_abs 0.00000000。误差可判定：是；小于 1e-5：是；float 更快：是。算子 bench，作业 1799867，1024，592 核。,7.6271,18.8983,2.4778,0.00000000,是,是,是,已测
能做混合精度,102,140,Filtering/ImageFilterBase,CastImageFilter,并行,0.2691,0.2519,0.2454,1.0265,0,是,灵昇 592 核已做单精度对双精度对比。float 1.2990 ms，double 0.8179 ms，加速比 0.6296，max_abs 0。误差可判定：是；小于 1e-5：是；float 更快：否。算子 bench，作业 1799867，1024，592 核。,1.2990,0.8179,0.6296,0,是,是,否,已测
能做混合精度,103,146,Filtering/ImageFilterBase,NoiseImageFilter,并行,3.1485,2.6880,2.1139,1.2716,1.84e-06,是,灵昇 592 核已做单精度对双精度对比。float 8.9045 ms，double 21.6545 ms，加速比 2.4319，max_abs 0.00000184。误差可判定：是；小于 1e-5：是；float 更快：是。算子 bench，作业 1799867，1024，592 核。,8.9045,21.6545,2.4319,0.00000184,是,是,是,已测
能做混合精度,104,152,Filtering/ImageFrequency,FrequencyBandImageFilter,并行,1.8270,1.8722,,,,,灵昇 592 核已做单精度对双精度对比。float 9.8075 ms，double 10.0541 ms，加速比 1.0251，max_abs 0。误差可判定：是；小于 1e-5：是；float 更快：是。算子 bench，作业 1799867，1024，592 核。,9.8075,10.0541,1.0251,0,是,是,是,已测
能做混合精度,105,154,Filtering/ImageFusion,LabelMapContourOverlayImageFilter,并行,0.4301,0.4259,,,,,灵昇 592 核已做单精度对双精度对比。float 0.8675 ms，double 0.8325 ms，加速比 0.9597，max_abs 0。误差可判定：是；小于 1e-5：是；float 更快：否。算子 bench，作业 1799867，1024，592 核。,0.8675,0.8325,0.9597,0,是,是,否,已测
能做混合精度,106,155,Filtering/ImageFusion,LabelMapOverlayImageFilter,并行,0.0537,0.0528,,,,,灵昇 592 核已做单精度对双精度对比。float 0.0960 ms，double 0.0877 ms，加速比 0.9135，max_abs 0。误差可判定：是；小于 1e-5：是；float 更快：否。算子 bench，作业 1799867，1024，592 核。,0.0960,0.0877,0.9135,0,是,是,否,已测
能做混合精度,107,156,Filtering/ImageFusion,LabelMapToRGBImageFilter,并行,0.0225,0.0224,,,,,灵昇 592 核已做单精度对双精度对比。float 0.0439 ms，double 0.0399 ms，加速比 0.9089，max_abs 0。误差可判定：是；小于 1e-5：是；float 更快：否。算子 bench，作业 1799867，1024，592 核。,0.0439,0.0399,0.9089,0,是,是,否,已测
能做混合精度,108,157,Filtering/ImageFusion,LabelOverlayImageFilter,并行,2.1379,2.0979,,,,,灵昇 592 核已做单精度对双精度对比。float 19.9764 ms，double 19.7209 ms，加速比 0.9872，max_abs 0。误差可判定：是；小于 1e-5：是；float 更快：否。算子 bench，作业 1799867，1024，592 核。,19.9764,19.7209,0.9872,0,是,是,否,已测
能做混合精度,109,158,Filtering/ImageFusion,LabelToRGBImageFilter,并行,2.2377,1.5985,,,,,灵昇 592 核已做单精度对双精度对比。float 19.2490 ms，double 18.9022 ms，加速比 0.9820，max_abs 0。误差可判定：是；小于 1e-5：是；float 更快：否。算子 bench，作业 1799867，1024，592 核。,19.2490,18.9022,0.9820,0,是,是,否,已测
能做混合精度,110,159,Filtering/ImageGradient,DifferenceOfGaussiansGradientImageFilter,并行,14.1568,13.4563,11.9017,1.1306,0,是,灵昇 592 核已做单精度对双精度对比。float 23.6543 ms，double 57.1255 ms，加速比 2.4150，max_abs 0.00000000。误差可判定：是；小于 1e-5：是；float 更快：是。算子 bench，作业 1799867，1024，592 核。,23.6543,57.1255,2.4150,0.00000000,是,是,是,已测
能做混合精度,111,160,Filtering/ImageGradient,GradientImageFilter,并行,2.2618,2.4423,,,,,灵昇 592 核已做单精度对双精度对比。float 8.9578 ms，double 21.5569 ms，加速比 2.4065，max_abs 0.00000000。误差可判定：是；小于 1e-5：是；float 更快：是。算子 bench，作业 1799867，1024，592 核。,8.9578,21.5569,2.4065,0.00000000,是,是,是,已测
能做混合精度,112,161,Filtering/ImageGradient,GradientMagnitudeImageFilter,并行,13.5092,13.2578,11.6299,1.1400,0,是,灵昇 592 核已做单精度对双精度对比。float 7.9659 ms，double 19.1736 ms，加速比 2.4070，max_abs 0.00000188。误差可判定：是；小于 1e-5：是；float 更快：是。算子 bench，作业 1799867，1024，592 核。,7.9659,19.1736,2.4070,0.00000188,是,是,是,已测
能做混合精度,113,162,Filtering/ImageGradient,GradientMagnitudeRecursiveGaussianImageFilter,并行,23.9731,25.1490,20.5170,1.2258,1.87e-06,是,灵昇 592 核已做单精度对双精度对比。float 1982.2408 ms，double 2636.1558 ms，加速比 1.3299，max_abs 0.00000187。误差可判定：是；小于 1e-5：是；float 更快：是。算子 bench，作业 1799867，1024，592 核。,1982.2408,2636.1558,1.3299,0.00000187,是,是,是,已测
能做混合精度,114,163,Filtering/ImageGradient,GradientRecursiveGaussianImageFilter,并行,35.5337,40.9321,,,,,灵昇 592 核已做单精度对双精度对比。float 91.8006 ms，double 3407.5553 ms，加速比 37.1191，max_abs 0.00000000。误差可判定：是；小于 1e-5：是；float 更快：是。算子 bench，作业 1799867，1024，592 核。,91.8006,3407.5553,37.1191,0.00000000,是,是,是,已测
能做混合精度,115,164,Filtering/ImageGradient,VectorGradientMagnitudeImageFilter,并行,840.5940,832.9583,,,,,灵昇 592 核已做单精度对双精度对比。float 1899.2526 ms，double 1893.8403 ms，加速比 0.9972，max_abs 0。误差可判定：是；小于 1e-5：是；float 更快：否。算子 bench，作业 1799867，1024，592 核。,1899.2526,1893.8403,0.9972,0,是,是,否,已测
能做混合精度,116,167,Filtering/ImageGrid,BSplineControlPointImageFilter,并行,0.3385,0.2829,,,,,灵昇 592 核已做单精度对双精度对比。float 0.8381 ms，double 0.8906 ms，加速比 1.0626，max_abs 0。误差可判定：是；小于 1e-5：是；float 更快：是。算子 bench，作业 1799867，1024，592 核。,0.8381,0.8906,1.0626,0,是,是,是,已测
能做混合精度,117,168,Filtering/ImageGrid,BSplineDownsampleImageFilter,并行,12.6293,13.1648,10.2152,1.2887,0,是,灵昇 592 核已做单精度对双精度对比。float 18.7473 ms，double 54.2236 ms，加速比 2.8923，max_abs 0.00000000。误差可判定：是；小于 1e-5：是；float 更快：是。算子 bench，作业 1799867，1024，592 核。,18.7473,54.2236,2.8923,0.00000000,是,是,是,已测
能做混合精度,118,171,Filtering/ImageGrid,BSplineScatteredDataPointSetToImageFilter,并行,9.0004,10.5775,10.5120,1.0062,0,是,灵昇 592 核已做单精度对双精度对比。float 38.0584 ms，double 38.9488 ms，加速比 1.0234，max_abs 0。误差可判定：是；小于 1e-5：是；float 更快：是。算子 bench，作业 1799867，1024，592 核。,38.0584,38.9488,1.0234,0,是,是,是,已测
能做混合精度,119,172,Filtering/ImageGrid,BSplineUpsampleImageFilter,并行,86.3424,87.0754,63.8826,1.3631,0,是,灵昇 592 核已做单精度对双精度对比。float 345.2311 ms，double 365.6145 ms，加速比 1.0590，max_abs 0.00000000。误差可判定：是；小于 1e-5：是；float 更快：是。算子 bench，作业 1799867，1024，592 核。,345.2311,365.6145,1.0590,0.00000000,是,是,是,已测
能做混合精度,120,173,Filtering/ImageGrid,BinShrinkImageFilter,并行,1.1578,1.1104,0.5293,2.0979,0,是,灵昇 592 核已做单精度对双精度对比。float 8.7470 ms，double 18.0664 ms，加速比 2.0654，max_abs 0.00000000。误差可判定：是；小于 1e-5：是；float 更快：是。算子 bench，作业 1799867，1024，592 核。,8.7470,18.0664,2.0654,0.00000000,是,是,是,已测
能做混合精度,121,174,Filtering/ImageGrid,ChangeInformationImageFilter,并行,0.5883,1.0791,0.0246,43.8659,0,是,灵昇 592 核已做单精度对双精度对比。float 0.0450 ms，double 8.5694 ms，加速比 190.4311，max_abs 0.00000000。误差可判定：是；小于 1e-5：是；float 更快：是。算子 bench，作业 1799867，1024，592 核。,0.0450,8.5694,190.4311,0.00000000,是,是,是,已测
能做混合精度,122,175,Filtering/ImageGrid,ConstantPadImageFilter,并行,1.1949,1.4431,0.7064,2.0429,0,是,灵昇 592 核已做单精度对双精度对比。float 8.6668 ms，double 17.5972 ms，加速比 2.0304，max_abs 0.00000000。误差可判定：是；小于 1e-5：是；float 更快：是。算子 bench，作业 1799867，1024，592 核。,8.6668,17.5972,2.0304,0.00000000,是,是,是,已测
能做混合精度,123,176,Filtering/ImageGrid,CropImageFilter,并行,1.2523,1.1711,0.4903,2.3885,0,是,灵昇 592 核已做单精度对双精度对比。float 9.3905 ms，double 21.6690 ms，加速比 2.3075，max_abs 0.00000000。误差可判定：是；小于 1e-5：是；float 更快：是。算子 bench，作业 1799867，1024，592 核。,9.3905,21.6690,2.3075,0.00000000,是,是,是,已测
能做混合精度,124,177,Filtering/ImageGrid,CyclicShiftImageFilter,并行,1.5921,1.5951,0.8469,1.8835,0,是,灵昇 592 核已做单精度对双精度对比。float 8.8503 ms，double 21.1452 ms，加速比 2.3892，max_abs 0.00000000。误差可判定：是；小于 1e-5：是；float 更快：是。算子 bench，作业 1799867，1024，592 核。,8.8503,21.1452,2.3892,0.00000000,是,是,是,已测
能做混合精度,125,178,Filtering/ImageGrid,ExpandImageFilter,并行,2.4907,2.4102,1.4761,1.6328,0,是,灵昇 592 核已做单精度对双精度对比。float 9.1716 ms，double 25.2189 ms，加速比 2.7497，max_abs 0.00000000。误差可判定：是；小于 1e-5：是；float 更快：是。算子 bench，作业 1799867，1024，592 核。,9.1716,25.2189,2.7497,0.00000000,是,是,是,已测
能做混合精度,126,179,Filtering/ImageGrid,FlipImageFilter,并行,1.3011,1.2464,0.5101,2.4434,0,是,灵昇 592 核已做单精度对双精度对比。float 9.1125 ms，double 21.1197 ms，加速比 2.3177，max_abs 0.00000000。误差可判定：是；小于 1e-5：是；float 更快：是。算子 bench，作业 1799867，1024，592 核。,9.1125,21.1197,2.3177,0.00000000,是,是,是,已测
能做混合精度,127,180,Filtering/ImageGrid,InterpolateImageFilter,并行,30.2960,13.1911,14.4971,0.9099,0,否,灵昇 592 核已做单精度对双精度对比。float 48.6846 ms，double 51.2839 ms，加速比 1.0534，max_abs 0。误差可判定：是；小于 1e-5：是；float 更快：是。算子 bench，作业 1799867，1024，592 核。,48.6846,51.2839,1.0534,0,是,是,是,已测
能做混合精度,128,181,Filtering/ImageGrid,InterpolateImagePointsFilter,并行,1.0022,0.4876,0.5048,0.9659,0,否,灵昇 592 核已做单精度对双精度对比。float 1.7629 ms，double 1.2765 ms，加速比 0.7241，max_abs 0。误差可判定：是；小于 1e-5：是；float 更快：否。算子 bench，作业 1799867，1024，592 核。,1.7629,1.2765,0.7241,0,是,是,否,已测
能做混合精度,129,182,Filtering/ImageGrid,MirrorPadImageFilter,并行,1.2476,1.2188,0.5241,2.3255,0,是,灵昇 592 核已做单精度对双精度对比。float 9.1169 ms，double 18.2265 ms，加速比 1.9992，max_abs 0.00000000。误差可判定：是；小于 1e-5：是；float 更快：是。算子 bench，作业 1799867，1024，592 核。,9.1169,18.2265,1.9992,0.00000000,是,是,是,已测
能做混合精度,130,183,Filtering/ImageGrid,OrientImageFilter,并行,0.2310,0.2417,0.2369,1.0203,0,是,灵昇 592 核已做单精度对双精度对比。float 0.5196 ms，double 0.4866 ms，加速比 0.9365，max_abs 0。误差可判定：是；小于 1e-5：是；float 更快：否。算子 bench，作业 1799867，1024，592 核。,0.5196,0.4866,0.9365,0,是,是,否,已测
能做混合精度,131,184,Filtering/ImageGrid,PadImageFilter,并行,0.5970,0.8422,0.8206,1.0263,0,是,灵昇 592 核已做单精度对双精度对比。float 7.8592 ms，double 7.8421 ms，加速比 0.9978，max_abs 0。误差可判定：是；小于 1e-5：是；float 更快：否。算子 bench，作业 1799867，1024，592 核。,7.8592,7.8421,0.9978,0,是,是,否,已测
能做混合精度,132,186,Filtering/ImageGrid,PasteImageFilter,并行,1.5036,2.0321,0.9221,2.2038,0,是,灵昇 592 核已做单精度对双精度对比。float 8.3405 ms，double 20.7980 ms，加速比 2.4936，max_abs 0.00000000。误差可判定：是；小于 1e-5：是；float 更快：是。算子 bench，作业 1799867，1024，592 核。,8.3405,20.7980,2.4936,0.00000000,是,是,是,已测
能做混合精度,133,187,Filtering/ImageGrid,PermuteAxesImageFilter,并行,2.3787,2.7312,1.4440,1.8914,0,是,灵昇 592 核已做单精度对双精度对比。float 8.2315 ms，double 22.7487 ms，加速比 2.7636，max_abs 0.00000000。误差可判定：是；小于 1e-5：是；float 更快：是。算子 bench，作业 1799867，1024，592 核。,8.2315,22.7487,2.7636,0.00000000,是,是,是,已测
能做混合精度,134,188,Filtering/ImageGrid,RegionOfInterestImageFilter,并行,1.2162,1.2478,0.5190,2.4042,0,是,灵昇 592 核已做单精度对双精度对比。float 8.5773 ms，double 19.6349 ms，加速比 2.2892，max_abs 0.00000000。误差可判定：是；小于 1e-5：是；float 更快：是。算子 bench，作业 1799867，1024，592 核。,8.5773,19.6349,2.2892,0.00000000,是,是,是,已测
能做混合精度,135,189,Filtering/ImageGrid,ResampleImageFilter,并行,10.5094,8.9879,3.5812,2.5097,0,是,灵昇 592 核已做单精度对双精度对比。float 8.4368 ms，double 19.8296 ms，加速比 2.3504，max_abs 0.0000。误差可判定：否；小于 1e-5：不能由打印位数判定；float 更快：是。套件 ResampleIdentity，作业 1799867，1024，592 核。,8.4368,19.8296,2.3504,0.0000,否,,是,已测
能做混合精度,136,190,Filtering/ImageGrid,ShrinkImageFilter,并行,1.1255,1.0956,0.4905,2.2336,0,是,灵昇 592 核已做单精度对双精度对比。float 8.5085 ms，double 17.4329 ms，加速比 2.0489，max_abs 0.00000000。误差可判定：是；小于 1e-5：是；float 更快：是。算子 bench，作业 1799867，1024，592 核。,8.5085,17.4329,2.0489,0.00000000,是,是,是,已测
能做混合精度,137,191,Filtering/ImageGrid,SliceBySliceImageFilter,并行,0.9956,12.0565,11.8129,1.0206,0,是,灵昇 592 核已做单精度对双精度对比。float 4.3444 ms，double 4.7751 ms，加速比 1.0991，max_abs 0。误差可判定：是；小于 1e-5：是；float 更快：是。算子 bench，作业 1799867，1024，592 核。,4.3444,4.7751,1.0991,0,是,是,是,已测
能做混合精度,138,192,Filtering/ImageGrid,SliceImageFilter,并行,0.7873,0.9611,0.8442,1.1385,0,是,灵昇 592 核已做单精度对双精度对比。float 8.6327 ms，double 8.3810 ms，加速比 0.9708，max_abs 0。误差可判定：是；小于 1e-5：是；float 更快：否。算子 bench，作业 1799867，1024，592 核。,8.6327,8.3810,0.9708,0,是,是,否,已测
能做混合精度,139,193,Filtering/ImageGrid,TileImageFilter,并行,3.2245,2.6133,1.3237,1.9742,0,是,灵昇 592 核已做单精度对双精度对比。float 21.5309 ms，double 30.1458 ms，加速比 1.4001，max_abs 0.00000000。误差可判定：是；小于 1e-5：是；float 更快：是。算子 bench，作业 1799867，1024，592 核。,21.5309,30.1458,1.4001,0.00000000,是,是,是,已测
能做混合精度,140,194,Filtering/ImageGrid,WarpImageFilter,并行,2.7417,2.1165,1.7322,1.2219,7.93e-06,是,灵昇 592 核已做单精度对双精度对比。float 9.5662 ms，double 23.7943 ms，加速比 2.4873，max_abs 0.00000793。误差可判定：是；小于 1e-5：是；float 更快：是。算子 bench，作业 1799867，1024，592 核。,9.5662,23.7943,2.4873,0.00000793,是,是,是,已测
能做混合精度,141,195,Filtering/ImageGrid,WarpVectorImageFilter,并行,1.9092,1.4836,,,,,灵昇 592 核已做单精度对双精度对比。float 8.9750 ms，double 8.9342 ms，加速比 0.9955，max_abs 0。误差可判定：是；小于 1e-5：是；float 更快：否。算子 bench，作业 1799867，1024，592 核。,8.9750,8.9342,0.9955,0,是,是,否,已测
能做混合精度,142,196,Filtering/ImageGrid,WrapPadImageFilter,并行,1.6937,1.1857,0.5557,2.1337,0,是,灵昇 592 核已做单精度对双精度对比。float 9.3833 ms，double 18.2912 ms，加速比 1.9493，max_abs 0.00000000。误差可判定：是；小于 1e-5：是；float 更快：是。算子 bench，作业 1799867，1024，592 核。,9.3833,18.2912,1.9493,0.00000000,是,是,是,已测
能做混合精度,143,197,Filtering/ImageGrid,ZeroFluxNeumannPadImageFilter,并行,1.2056,1.1804,0.4971,2.3746,0,是,灵昇 592 核已做单精度对双精度对比。float 9.6765 ms，double 19.2186 ms，加速比 1.9861，max_abs 0.00000000。误差可判定：是；小于 1e-5：是；float 更快：是。算子 bench，作业 1799867，1024，592 核。,9.6765,19.2186,1.9861,0.00000000,是,是,是,已测
能做混合精度,144,198,Filtering/ImageIntensity,AbsImageFilter,并行,2.6549,3.0857,1.6621,1.8565,0,是,灵昇 592 核已做单精度对双精度对比。float 8.3682 ms，double 18.7214 ms，加速比 2.2372，max_abs 0.00000000。误差可判定：是；小于 1e-5：是；float 更快：是。算子 bench，作业 1799867，1024，592 核。,8.3682,18.7214,2.2372,0.00000000,是,是,是,已测
能做混合精度,145,199,Filtering/ImageIntensity,AcosImageFilter,并行,2.8523,2.6272,1.5982,1.6438,4e-08,是,灵昇 592 核已做单精度对双精度对比。float 8.0437 ms，double 19.2230 ms，加速比 2.3898，max_abs 0.00000004。误差可判定：是；小于 1e-5：是；float 更快：是。算子 bench，作业 1799867，1024，592 核。,8.0437,19.2230,2.3898,0.00000004,是,是,是,已测
能做混合精度,146,201,Filtering/ImageIntensity,AddImageFilter,并行,2.0475,3.1145,1.7838,1.7460,0,是,灵昇 592 核已做单精度对双精度对比。float 8.1375 ms，double 19.0878 ms，加速比 2.3457，max_abs 0.00000000。误差可判定：是；小于 1e-5：是；float 更快：是。算子 bench，作业 1799867，1024，592 核。,8.1375,19.0878,2.3457,0.00000000,是,是,是,已测
能做混合精度,147,202,Filtering/ImageIntensity,AndImageFilter,并行,0.8907,0.5538,,,,,灵昇 592 核已做单精度对双精度对比。float 8.4276 ms，double 8.2600 ms，加速比 0.9801，max_abs 0.00000000。误差可判定：是；小于 1e-5：是；float 更快：否。算子 bench，作业 1799867，1024，592 核。,8.4276,8.2600,0.9801,0.00000000,是,是,否,已测
能做混合精度,148,203,Filtering/ImageIntensity,AsinImageFilter,并行,2.3533,3.3104,1.7518,1.8897,4e-08,是,灵昇 592 核已做单精度对双精度对比。float 8.0426 ms，double 18.5228 ms，加速比 2.3031，max_abs 0.00000004。误差可判定：是；小于 1e-5：是；float 更快：是。算子 bench，作业 1799867，1024，592 核。,8.0426,18.5228,2.3031,0.00000004,是,是,是,已测
能做混合精度,149,204,Filtering/ImageIntensity,Atan2ImageFilter,并行,3.6432,3.4716,2.6932,1.2890,2e-08,是,灵昇 592 核已做单精度对双精度对比。float 7.5138 ms，double 17.9489 ms，加速比 2.3888，max_abs 0.00000002。误差可判定：是；小于 1e-5：是；float 更快：是。算子 bench，作业 1799867，1024，592 核。,7.5138,17.9489,2.3888,0.00000002,是,是,是,已测
能做混合精度,150,205,Filtering/ImageIntensity,AtanImageFilter,并行,2.8554,6.2537,1.8973,3.2961,6e-08,是,灵昇 592 核已做单精度对双精度对比。float 8.1553 ms，double 19.3107 ms，加速比 2.3679，max_abs 0.00000006。误差可判定：是；小于 1e-5：是；float 更快：是。算子 bench，作业 1799867，1024，592 核。,8.1553,19.3107,2.3679,0.00000006,是,是,是,已测
能做混合精度,151,206,Filtering/ImageIntensity,BinaryMagnitudeImageFilter,并行,1.3604,0.9723,0.9307,1.0447,0,是,灵昇 592 核已做单精度对双精度对比。float 9.1687 ms，double 9.0135 ms，加速比 0.9831，max_abs 0。误差可判定：是；小于 1e-5：是；float 更快：否。算子 bench，作业 1799867，1024，592 核。,9.1687,9.0135,0.9831,0,是,是,否,已测
能做混合精度,152,207,Filtering/ImageIntensity,BoundedReciprocalImageFilter,并行,2.0614,2.0797,1.4834,1.4020,1e-08,是,灵昇 592 核已做单精度对双精度对比。float 7.2950 ms，double 18.0952 ms，加速比 2.4805，max_abs 0.00000001。误差可判定：是；小于 1e-5：是；float 更快：是。算子 bench，作业 1799867，1024，592 核。,7.2950,18.0952,2.4805,0.00000001,是,是,是,已测
能做混合精度,153,208,Filtering/ImageIntensity,ClampImageFilter,并行,1.2329,1.2669,0.4984,2.5419,0,是,灵昇 592 核已做单精度对双精度对比。float 7.4014 ms，double 19.2578 ms，加速比 2.6019，max_abs 0.00000000。误差可判定：是；小于 1e-5：是；float 更快：是。算子 bench，作业 1799867，1024，592 核。,7.4014,19.2578,2.6019,0.00000000,是,是,是,已测
能做混合精度,154,209,Filtering/ImageIntensity,ComplexToImaginaryImageFilter,并行,0.7017,0.8348,,,,,灵昇 592 核已做单精度对双精度对比。float 8.9714 ms，double 8.9859 ms，加速比 1.0016，max_abs 0。误差可判定：是；小于 1e-5：是；float 更快：是。算子 bench，作业 1799867，1024，592 核。,8.9714,8.9859,1.0016,0,是,是,是,已测
能做混合精度,155,210,Filtering/ImageIntensity,ComplexToModulusImageFilter,并行,0.9842,0.9480,,,,,灵昇 592 核已做单精度对双精度对比。float 8.8746 ms，double 8.9593 ms，加速比 1.0095，max_abs 0。误差可判定：是；小于 1e-5：是；float 更快：是。算子 bench，作业 1799867，1024，592 核。,8.8746,8.9593,1.0095,0,是,是,是,已测
能做混合精度,156,211,Filtering/ImageIntensity,ComplexToPhaseImageFilter,并行,2.1421,1.5754,,,,,灵昇 592 核已做单精度对双精度对比。float 8.6891 ms，double 8.7020 ms，加速比 1.0015，max_abs 0。误差可判定：是；小于 1e-5：是；float 更快：是。算子 bench，作业 1799867，1024，592 核。,8.6891,8.7020,1.0015,0,是,是,是,已测
能做混合精度,157,212,Filtering/ImageIntensity,ComplexToRealImageFilter,并行,0.8447,0.9857,,,,,灵昇 592 核已做单精度对双精度对比。float 9.0451 ms，double 9.0286 ms，加速比 0.9982，max_abs 0。误差可判定：是；小于 1e-5：是；float 更快：否。算子 bench，作业 1799867，1024，592 核。,9.0451,9.0286,0.9982,0,是,是,否,已测
能做混合精度,158,213,Filtering/ImageIntensity,ConstrainedValueAdditionImageFilter,并行,1.5392,1.3262,0.5850,2.2670,0,是,灵昇 592 核已做单精度对双精度对比。float 8.1912 ms，double 19.8509 ms，加速比 2.4234，max_abs 0.00000000。误差可判定：是；小于 1e-5：是；float 更快：是。算子 bench，作业 1799867，1024，592 核。,8.1912,19.8509,2.4234,0.00000000,是,是,是,已测
能做混合精度,159,214,Filtering/ImageIntensity,ConstrainedValueDifferenceImageFilter,并行,1.1141,1.1022,0.5424,2.0321,0,是,灵昇 592 核已做单精度对双精度对比。float 9.0345 ms，double 17.7279 ms，加速比 1.9622，max_abs 0.00000000。误差可判定：是；小于 1e-5：是；float 更快：是。算子 bench，作业 1799867，1024，592 核。,9.0345,17.7279,1.9622,0.00000000,是,是,是,已测
能做混合精度,160,215,Filtering/ImageIntensity,CosImageFilter,并行,3.3978,3.1241,1.7828,1.7524,3e-08,是,灵昇 592 核已做单精度对双精度对比。float 7.9765 ms，double 31.9278 ms，加速比 4.0027，max_abs 0.00000003。误差可判定：是；小于 1e-5：是；float 更快：是。算子 bench，作业 1799867，1024，592 核。,7.9765,31.9278,4.0027,0.00000003,是,是,是,已测
能做混合精度,161,216,Filtering/ImageIntensity,DivideImageFilter,并行,4.3863,4.4610,3.4519,1.2923,,是,灵昇 592 核已做单精度对双精度对比。float 7.3571 ms，double 17.6598 ms，加速比 2.4004，max_abs 179769313486231570814527423731704356798070567525844996598917476803157260780028538760589558632766878171540458953514382464234321326889464182768467546703537516986049910576551282076245490090389328944075868508455133942304583236903222948165808559332123348274797826204144723168738177180919299881250404026184124858368.00000000。误差可判定：是；小于 1e-5：否；float 更快：是。算子 bench，作业 1799867，1024，592 核。,7.3571,17.6598,2.4004,179769313486231570814527423731704356798070567525844996598917476803157260780028538760589558632766878171540458953514382464234321326889464182768467546703537516986049910576551282076245490090389328944075868508455133942304583236903222948165808559332123348274797826204144723168738177180919299881250404026184124858368.00000000,是,否,是,已测
能做混合精度,162,217,Filtering/ImageIntensity,DivideOrZeroOutImageFilter,并行,2.2797,3.0998,1.5327,2.0224,0,是,灵昇 592 核已做单精度对双精度对比。float 7.3454 ms，double 17.4836 ms，加速比 2.3802，max_abs 0.00000000。误差可判定：是；小于 1e-5：是；float 更快：是。算子 bench，作业 1799867，1024，592 核。,7.3454,17.4836,2.3802,0.00000000,是,是,是,已测
能做混合精度,163,218,Filtering/ImageIntensity,EdgePotentialImageFilter,并行,2.4787,3.3841,3.7060,0.9131,0,否,灵昇 592 核已做单精度对双精度对比。float 18.8083 ms，double 18.8685 ms，加速比 1.0032，max_abs 0。误差可判定：是；小于 1e-5：是；float 更快：是。算子 bench，作业 1799867，1024，592 核。,18.8083,18.8685,1.0032,0,是,是,是,已测
能做混合精度,164,219,Filtering/ImageIntensity,ExpImageFilter,并行,2.6885,2.8727,2.7745,1.0354,,是,灵昇 592 核已做单精度对双精度对比。float 7.8331 ms，double 19.0334 ms，加速比 2.4299，max_abs 1223427442060151630274911797248.00000000。误差可判定：是；小于 1e-5：否；float 更快：是。算子 bench，作业 1799867，1024，592 核。,7.8331,19.0334,2.4299,1223427442060151630274911797248.00000000,是,否,是,已测
能做混合精度,165,220,Filtering/ImageIntensity,ExpNegativeImageFilter,并行,3.0759,3.4600,2.4296,1.4241,1e-08,是,灵昇 592 核已做单精度对双精度对比。float 7.2813 ms，double 17.9220 ms，加速比 2.4614，max_abs 0.00000001。误差可判定：是；小于 1e-5：是；float 更快：是。算子 bench，作业 1799867，1024，592 核。,7.2813,17.9220,2.4614,0.00000001,是,是,是,已测
能做混合精度,166,221,Filtering/ImageIntensity,HistogramMatchingImageFilter,并行,96.2866,97.0698,92.6769,1.0474,0,是,灵昇 592 核已做单精度对双精度对比。float 233.5931 ms，double 267.2526 ms，加速比 1.1441，max_abs 0.00000000。误差可判定：是；小于 1e-5：是；float 更快：是。算子 bench，作业 1799867，1024，592 核。,233.5931,267.2526,1.1441,0.00000000,是,是,是,已测
能做混合精度,167,222,Filtering/ImageIntensity,IntensityWindowingImageFilter,并行,1.3533,1.7625,0.8280,2.1286,0,是,灵昇 592 核已做单精度对双精度对比。float 7.2992 ms，double 18.8207 ms，加速比 2.5785，max_abs 0.00000000。误差可判定：是；小于 1e-5：是；float 更快：是。算子 bench，作业 1799867，1024，592 核。,7.2992,18.8207,2.5785,0.00000000,是,是,是,已测
能做混合精度,168,223,Filtering/ImageIntensity,InvertIntensityImageFilter,并行,3.1756,2.9503,1.6350,1.8045,,是,灵昇 592 核已做单精度对双精度对比。float 7.2207 ms，double 17.5264 ms，加速比 2.4272，max_abs 179769313486231570814527423731704356798070567525844996598917476803157260780028538760589558632766878171540458953514382464234321326889464182768467546703537516986049910576551282076245490090389328944075868508455133942304583236903222948165808559332123348274797826204144723168738177180919299881250404026184124858368.00000000。误差可判定：是；小于 1e-5：否；float 更快：是。算子 bench，作业 1799867，1024，592 核。,7.2207,17.5264,2.4272,179769313486231570814527423731704356798070567525844996598917476803157260780028538760589558632766878171540458953514382464234321326889464182768467546703537516986049910576551282076245490090389328944075868508455133942304583236903222948165808559332123348274797826204144723168738177180919299881250404026184124858368.00000000,是,否,是,已测
能做混合精度,169,224,Filtering/ImageIntensity,Log10ImageFilter,并行,3.0402,3.1966,1.5520,2.0597,1.2e-07,是,灵昇 592 核已做单精度对双精度对比。float 7.2581 ms，double 19.4663 ms，加速比 2.6820，max_abs 0.00000012。误差可判定：是；小于 1e-5：是；float 更快：是。算子 bench，作业 1799867，1024，592 核。,7.2581,19.4663,2.6820,0.00000012,是,是,是,已测
能做混合精度,170,225,Filtering/ImageIntensity,LogImageFilter,并行,2.5837,3.1500,1.9596,1.6075,2.4e-07,是,灵昇 592 核已做单精度对双精度对比。float 8.3660 ms，double 21.2357 ms，加速比 2.5383，max_abs 0.00000024。误差可判定：是；小于 1e-5：是；float 更快：是。算子 bench，作业 1799867，1024，592 核。,8.3660,21.2357,2.5383,0.00000024,是,是,是,已测
能做混合精度,171,226,Filtering/ImageIntensity,MagnitudeAndPhaseToComplexImageFilter,并行,3.2240,4.8374,,,,,灵昇 592 核已做单精度对双精度对比。float 10.0964 ms，double 10.6903 ms，加速比 1.0588，max_abs 0。误差可判定：是；小于 1e-5：是；float 更快：是。算子 bench，作业 1799867，1024，592 核。,10.0964,10.6903,1.0588,0,是,是,是,已测
能做混合精度,172,227,Filtering/ImageIntensity,MaskImageFilter,并行,1.4798,1.3852,0.5749,2.4095,0,是,灵昇 592 核已做单精度对双精度对比。float 9.1173 ms，double 22.4769 ms，加速比 2.4653，max_abs 0.00000000。误差可判定：是；小于 1e-5：是；float 更快：是。算子 bench，作业 1799867，1024，592 核。,9.1173,22.4769,2.4653,0.00000000,是,是,是,已测
能做混合精度,173,228,Filtering/ImageIntensity,MaskNegatedImageFilter,并行,1.4683,1.7457,0.7423,2.3517,0,是,灵昇 592 核已做单精度对双精度对比。float 8.9512 ms，double 22.2792 ms，加速比 2.4890，max_abs 0.00000000。误差可判定：是；小于 1e-5：是；float 更快：是。算子 bench，作业 1799867，1024，592 核。,8.9512,22.2792,2.4890,0.00000000,是,是,是,已测
能做混合精度,174,229,Filtering/ImageIntensity,MatrixIndexSelectionImageFilter,并行,0.2427,0.5332,,,,,灵昇 592 核已做单精度对双精度对比。float 1.2473 ms，double 0.8215 ms，加速比 0.6586，max_abs 0。误差可判定：是；小于 1e-5：是；float 更快：否。算子 bench，作业 1799867，1024，592 核。,1.2473,0.8215,0.6586,0,是,是,否,已测
能做混合精度,175,230,Filtering/ImageIntensity,MaximumImageFilter,并行,2.7004,3.0571,1.6261,1.8800,0,是,灵昇 592 核已做单精度对双精度对比。float 7.4402 ms，double 17.8321 ms，加速比 2.3967，max_abs 0.00000000。误差可判定：是；小于 1e-5：是；float 更快：是。算子 bench，作业 1799867，1024，592 核。,7.4402,17.8321,2.3967,0.00000000,是,是,是,已测
能做混合精度,176,231,Filtering/ImageIntensity,MinimumImageFilter,并行,3.1497,3.3151,1.7971,1.8447,0,是,灵昇 592 核已做单精度对双精度对比。float 7.3640 ms，double 17.4135 ms，加速比 2.3647，max_abs 0.00000000。误差可判定：是；小于 1e-5：是；float 更快：是。算子 bench，作业 1799867，1024，592 核。,7.3640,17.4135,2.3647,0.00000000,是,是,是,已测
能做混合精度,177,232,Filtering/ImageIntensity,ModulusImageFilter,并行,0.9331,0.5542,,,,,灵昇 592 核已做单精度对双精度对比。float 8.6851 ms，double 8.6872 ms，加速比 1.0002，max_abs 0.00000000。误差可判定：是；小于 1e-5：是；float 更快：是。算子 bench，作业 1799867，1024，592 核。,8.6851,8.6872,1.0002,0.00000000,是,是,是,已测
能做混合精度,178,233,Filtering/ImageIntensity,MultiplyImageFilter,并行,3.0802,2.4246,1.5167,1.5986,0,是,灵昇 592 核已做单精度对双精度对比。float 7.4597 ms，double 17.7185 ms，加速比 2.3752，max_abs 0.00000000。误差可判定：是；小于 1e-5：是；float 更快：是。算子 bench，作业 1799867，1024，592 核。,7.4597,17.7185,2.3752,0.00000000,是,是,是,已测
能做混合精度,179,234,Filtering/ImageIntensity,NaryAddImageFilter,并行,2.2820,1.7733,1.0296,1.7223,0,是,灵昇 592 核已做单精度对双精度对比。float 8.7524 ms，double 17.2341 ms，加速比 1.9691，max_abs 0.00000000。误差可判定：是；小于 1e-5：是；float 更快：是。算子 bench，作业 1799867，1024，592 核。,8.7524,17.2341,1.9691,0.00000000,是,是,是,已测
能做混合精度,180,236,Filtering/ImageIntensity,NaryMaximumImageFilter,并行,1.6950,3.5886,1.9443,1.8457,0,是,灵昇 592 核已做单精度对双精度对比。float 8.7290 ms，double 17.3953 ms，加速比 1.9928，max_abs 0.00000000。误差可判定：是；小于 1e-5：是；float 更快：是。算子 bench，作业 1799867，1024，592 核。,8.7290,17.3953,1.9928,0.00000000,是,是,是,已测
能做混合精度,181,237,Filtering/ImageIntensity,NormalizeImageFilter,并行,12.3786,7.7608,5.5832,1.3900,0,是,灵昇 592 核已做单精度对双精度对比。float 14.8045 ms，double 25.0844 ms，加速比 1.6944，max_abs 0.00000006。误差可判定：是；小于 1e-5：是；float 更快：是。算子 bench，作业 1799867，1024，592 核。,14.8045,25.0844,1.6944,0.00000006,是,是,是,已测
能做混合精度,182,238,Filtering/ImageIntensity,NormalizeToConstantImageFilter,并行,2.9245,2.3870,1.5049,1.5862,0,是,灵昇 592 核已做单精度对双精度对比。float 14.6494 ms，double 25.2819 ms，加速比 1.7258，max_abs 0.00000000。误差可判定：是；小于 1e-5：是；float 更快：是。算子 bench，作业 1799867，1024，592 核。,14.6494,25.2819,1.7258,0.00000000,是,是,是,已测
能做混合精度,183,239,Filtering/ImageIntensity,NotImageFilter,并行,0.7587,0.5732,,,,,灵昇 592 核已做单精度对双精度对比。float 8.6821 ms，double 8.6913 ms，加速比 1.0011，max_abs 0.00000000。误差可判定：是；小于 1e-5：是；float 更快：是。算子 bench，作业 1799867，1024，592 核。,8.6821,8.6913,1.0011,0.00000000,是,是,是,已测
能做混合精度,184,240,Filtering/ImageIntensity,OrImageFilter,并行,0.7125,0.7178,,,,,灵昇 592 核已做单精度对双精度对比。float 8.7054 ms，double 8.6400 ms，加速比 0.9925，max_abs 0.00000000。误差可判定：是；小于 1e-5：是；float 更快：否。算子 bench，作业 1799867，1024，592 核。,8.7054,8.6400,0.9925,0.00000000,是,是,否,已测
能做混合精度,185,241,Filtering/ImageIntensity,PolylineMask2DImageFilter,并行,0.0625,0.0571,0.0560,1.0196,0,是,灵昇 592 核已做单精度对双精度对比。float 0.1203 ms，double 0.1157 ms，加速比 0.9618，max_abs 0。误差可判定：是；小于 1e-5：是；float 更快：否。算子 bench，作业 1799867，1024，592 核。,0.1203,0.1157,0.9618,0,是,是,否,已测
能做混合精度,186,242,Filtering/ImageIntensity,PolylineMaskImageFilter,并行,0.4517,0.4510,0.4470,1.0089,0,是,灵昇 592 核已做单精度对双精度对比。float 0.6660 ms，double 0.6615 ms，加速比 0.9932，max_abs 0。误差可判定：是；小于 1e-5：是；float 更快：否。算子 bench，作业 1799867，1024，592 核。,0.6660,0.6615,0.9932,0,是,是,否,已测
能做混合精度,187,243,Filtering/ImageIntensity,PowImageFilter,并行,3.5184,3.6868,2.6561,1.3881,,是,灵昇 592 核已做单精度对双精度对比。float 8.6203 ms，double 19.8579 ms，加速比 2.3036，max_abs 82005602291106567229987094528.00000000。误差可判定：是；小于 1e-5：否；float 更快：是。算子 bench，作业 1799867，1024，592 核。,8.6203,19.8579,2.3036,82005602291106567229987094528.00000000,是,否,是,已测
能做混合精度,188,244,Filtering/ImageIntensity,RGBToLuminanceImageFilter,并行,3.5345,3.1462,3.1703,0.9924,0,否,灵昇 592 核已做单精度对双精度对比。float 27.7237 ms，double 28.0683 ms，加速比 1.0124，max_abs 0。误差可判定：是；小于 1e-5：是；float 更快：是。算子 bench，作业 1799867，1024，592 核。,27.7237,28.0683,1.0124,0,是,是,是,已测
能做混合精度,189,245,Filtering/ImageIntensity,RescaleIntensityImageFilter,并行,32.9401,33.2382,24.0682,1.3810,3e-08,是,灵昇 592 核已做单精度对双精度对比。float 15.9219 ms，double 34.7073 ms，加速比 2.1798，max_abs 0.00000003。误差可判定：是；小于 1e-5：是；float 更快：是。算子 bench，作业 1799867，1024，592 核。,15.9219,34.7073,2.1798,0.00000003,是,是,是,已测
能做混合精度,190,246,Filtering/ImageIntensity,RoundImageFilter,并行,2.7645,3.0100,1.9569,1.5381,0,是,灵昇 592 核已做单精度对双精度对比。float 7.4174 ms，double 17.6608 ms，加速比 2.3810，max_abs 0.00000000。误差可判定：是；小于 1e-5：是；float 更快：是。算子 bench，作业 1799867，1024，592 核。,7.4174,17.6608,2.3810,0.00000000,是,是,是,已测
能做混合精度,191,247,Filtering/ImageIntensity,ShiftScaleImageFilter,并行,3.2610,4.4117,1.7643,2.5005,0,是,灵昇 592 核已做单精度对双精度对比。float 7.3253 ms，double 17.7304 ms，加速比 2.4204，max_abs 0.00000000。误差可判定：是；小于 1e-5：是；float 更快：是。算子 bench，作业 1799867，1024，592 核。,7.3253,17.7304,2.4204,0.00000000,是,是,是,已测
能做混合精度,192,248,Filtering/ImageIntensity,SigmoidImageFilter,并行,2.9391,2.7263,1.6557,1.6466,,是,灵昇 592 核已做单精度对双精度对比。float 7.4409 ms，double 18.6796 ms，加速比 2.5104，max_abs 179769272747276226945882377411290981404325996661361720468412242522537928070797565271909689592602339599350907611450162626401899105572463550995096731772245729323459178378228860588246212067815818137070158542464648878681654516295341964992555331502414606404604810361088786013481013344477275997335941101361335107584.00000000。误差可判定：是；小于 1e-5：否；float 更快：是。算子 bench，作业 1799867，1024，592 核。,7.4409,18.6796,2.5104,179769272747276226945882377411290981404325996661361720468412242522537928070797565271909689592602339599350907611450162626401899105572463550995096731772245729323459178378228860588246212067815818137070158542464648878681654516295341964992555331502414606404604810361088786013481013344477275997335941101361335107584.00000000,是,否,是,已测
能做混合精度,193,249,Filtering/ImageIntensity,SinImageFilter,并行,3.3844,3.0789,2.1101,1.4591,3e-08,是,灵昇 592 核已做单精度对双精度对比。float 8.2551 ms，double 19.7692 ms，加速比 2.3948，max_abs 0.00000003。误差可判定：是；小于 1e-5：是；float 更快：是。算子 bench，作业 1799867，1024，592 核。,8.2551,19.7692,2.3948,0.00000003,是,是,是,已测
能做混合精度,194,250,Filtering/ImageIntensity,SqrtImageFilter,并行,3.1187,3.2233,2.1124,1.5259,4.7e-07,是,灵昇 592 核已做单精度对双精度对比。float 7.8557 ms，double 18.4758 ms，加速比 2.3519，max_abs 0.00000047。误差可判定：是；小于 1e-5：是；float 更快：是。算子 bench，作业 1799867，1024，592 核。,7.8557,18.4758,2.3519,0.00000047,是,是,是,已测
能做混合精度,195,251,Filtering/ImageIntensity,SquareImageFilter,并行,2.4724,2.4997,1.6739,1.4933,0,是,灵昇 592 核已做单精度对双精度对比。float 7.3078 ms，double 17.5473 ms，加速比 2.4012，max_abs 0.00000000。误差可判定：是；小于 1e-5：是；float 更快：是。算子 bench，作业 1799867，1024，592 核。,7.3078,17.5473,2.4012,0.00000000,是,是,是,已测
能做混合精度,196,252,Filtering/ImageIntensity,SubtractImageFilter,并行,3.0885,3.1243,1.5311,2.0406,0,是,灵昇 592 核已做单精度对双精度对比。float 7.4791 ms，double 18.0608 ms，加速比 2.4148，max_abs 0.00000000。误差可判定：是；小于 1e-5：是；float 更快：是。算子 bench，作业 1799867，1024，592 核。,7.4791,18.0608,2.4148,0.00000000,是,是,是,已测
能做混合精度,197,253,Filtering/ImageIntensity,SymmetricEigenAnalysisImageFilter,并行,2.8742,0.2968,,,,,灵昇 592 核已做单精度对双精度对比。float 1.2861 ms，double 0.8130 ms，加速比 0.6321，max_abs 0。误差可判定：是；小于 1e-5：是；float 更快：否。算子 bench，作业 1799867，1024，592 核。,1.2861,0.8130,0.6321,0,是,是,否,已测
能做混合精度,198,254,Filtering/ImageIntensity,TanImageFilter,并行,3.4899,3.6888,2.8165,1.3097,4.99e-06,是,灵昇 592 核已做单精度对双精度对比。float 8.3424 ms，double 19.5682 ms，加速比 2.3456，max_abs 0.00000499。误差可判定：是；小于 1e-5：是；float 更快：是。算子 bench，作业 1799867，1024，592 核。,8.3424,19.5682,2.3456,0.00000499,是,是,是,已测
能做混合精度,199,255,Filtering/ImageIntensity,TernaryAddImageFilter,并行,1.3161,1.6195,0.7760,2.0870,0,是,灵昇 592 核已做单精度对双精度对比。float 8.6677 ms，double 17.0858 ms，加速比 1.9712，max_abs 0.00000000。误差可判定：是；小于 1e-5：是；float 更快：是。算子 bench，作业 1799867，1024，592 核。,8.6677,17.0858,1.9712,0.00000000,是,是,是,已测
能做混合精度,200,256,Filtering/ImageIntensity,TernaryMagnitudeImageFilter,并行,1.0673,1.0722,0.9053,1.1844,0,是,灵昇 592 核已做单精度对双精度对比。float 8.7653 ms，double 8.7654 ms，加速比 1.0000，max_abs 0。误差可判定：是；小于 1e-5：是；float 更快：是。算子 bench，作业 1799867，1024，592 核。,8.7653,8.7654,1.0000,0,是,是,是,已测
能做混合精度,201,257,Filtering/ImageIntensity,TernaryMagnitudeSquaredImageFilter,并行,1.2584,0.7782,0.6966,1.1171,0,是,灵昇 592 核已做单精度对双精度对比。float 8.8920 ms，double 8.4438 ms，加速比 0.9496，max_abs 0。误差可判定：是；小于 1e-5：是；float 更快：否。算子 bench，作业 1799867，1024，592 核。,8.8920,8.4438,0.9496,0,是,是,否,已测
能做混合精度,202,259,Filtering/ImageIntensity,VectorExpandImageFilter,并行,1.6481,0.2369,,,,,灵昇 592 核已做单精度对双精度对比。float 1.2990 ms，double 0.9048 ms，加速比 0.6965，max_abs 0。误差可判定：是；小于 1e-5：是；float 更快：否。算子 bench，作业 1799867，1024，592 核。,1.2990,0.9048,0.6965,0,是,是,否,已测
能做混合精度,203,260,Filtering/ImageIntensity,VectorIndexSelectionCastImageFilter,并行,0.7762,0.7839,,,,,灵昇 592 核已做单精度对双精度对比。float 8.8648 ms，double 8.9805 ms，加速比 1.0131，max_abs 0。误差可判定：是；小于 1e-5：是；float 更快：是。算子 bench，作业 1799867，1024，592 核。,8.8648,8.9805,1.0131,0,是,是,是,已测
能做混合精度,204,261,Filtering/ImageIntensity,VectorMagnitudeImageFilter,并行,9.5264,4.2486,,,,,灵昇 592 核已做单精度对双精度对比。float 17.9442 ms，double 27.9276 ms，加速比 1.5564，max_abs 0.00000000。误差可判定：是；小于 1e-5：是；float 更快：是。算子 bench，作业 1799867，1024，592 核。,17.9442,27.9276,1.5564,0.00000000,是,是,是,已测
能做混合精度,205,262,Filtering/ImageIntensity,VectorRescaleIntensityImageFilter,并行,3.3389,3.2260,,,,,灵昇 592 核已做单精度对双精度对比。float 14.0578 ms，double 13.2485 ms，加速比 0.9424，max_abs 0。误差可判定：是；小于 1e-5：是；float 更快：否。算子 bench，作业 1799867，1024，592 核。,14.0578,13.2485,0.9424,0,是,是,否,已测
能做混合精度,206,263,Filtering/ImageIntensity,WeightedAddImageFilter,并行,2.2582,1.7097,0.7153,2.3902,0,是,灵昇 592 核已做单精度对双精度对比。float 8.5839 ms，double 20.9657 ms，加速比 2.4424，max_abs 0.00000000。误差可判定：是；小于 1e-5：是；float 更快：是。算子 bench，作业 1799867，1024，592 核。,8.5839,20.9657,2.4424,0.00000000,是,是,是,已测
能做混合精度,207,264,Filtering/ImageIntensity,XorImageFilter,并行,0.5285,1.0202,,,,,灵昇 592 核已做单精度对双精度对比。float 8.9022 ms，double 8.6937 ms，加速比 0.9766，max_abs 0.00000000。误差可判定：是；小于 1e-5：是；float 更快：否。算子 bench，作业 1799867，1024，592 核。,8.9022,8.6937,0.9766,0.00000000,是,是,否,已测
能做混合精度,208,265,Filtering/ImageLabel,BinaryContourImageFilter,并行,1.7637,2.1185,1.9573,1.0824,,是,灵昇 592 核已做单精度对双精度对比。float 19.6836 ms，double 19.7709 ms，加速比 1.0044，max_abs 179769313486231570814527423731704356798070567525844996598917476803157260780028538760589558632766878171540458953514382464234321326889464182768467546703537516986049910576551282076245490090389328944075868508455133942304583236903222948165808559332123348274797826204144723168738177180919299881250404026184124858368.00000000。误差可判定：是；小于 1e-5：否；float 更快：是。算子 bench，作业 1799867，1024，592 核。,19.6836,19.7709,1.0044,179769313486231570814527423731704356798070567525844996598917476803157260780028538760589558632766878171540458953514382464234321326889464182768467546703537516986049910576551282076245490090389328944075868508455133942304583236903222948165808559332123348274797826204144723168738177180919299881250404026184124858368.00000000,是,否,是,已测
能做混合精度,209,266,Filtering/ImageLabel,ChangeLabelImageFilter,并行,0.6251,1.0547,,,,,灵昇 592 核已做单精度对双精度对比。float 8.6402 ms，double 8.3584 ms，加速比 0.9674，max_abs 0.00000000。误差可判定：是；小于 1e-5：是；float 更快：否。算子 bench，作业 1799867，1024，592 核。,8.6402,8.3584,0.9674,0.00000000,是,是,否,已测
能做混合精度,210,267,Filtering/ImageLabel,LabelContourImageFilter,并行,1.5594,1.4622,,,,,灵昇 592 核已做单精度对双精度对比。float 18.9164 ms，double 19.1588 ms，加速比 1.0128，max_abs 0.00000000。误差可判定：是；小于 1e-5：是；float 更快：是。算子 bench，作业 1799867，1024，592 核。,18.9164,19.1588,1.0128,0.00000000,是,是,是,已测
能做混合精度,211,268,Filtering/ImageNoise,AdditiveGaussianNoiseImageFilter,并行,1.7711,2.4065,1.3143,1.8310,1.308e-05,是,灵昇 592 核已做单精度对双精度对比。float 8.4770 ms，double 20.7103 ms，加速比 2.4431，max_abs 0.00001500。误差可判定：是；小于 1e-5：否；float 更快：是。算子 bench，作业 1799867，1024，592 核。,8.4770,20.7103,2.4431,0.00001500,是,否,是,已测
能做混合精度,212,270,Filtering/ImageNoise,SaltAndPepperNoiseImageFilter,并行,1.6586,1.5747,0.8981,1.7534,,是,灵昇 592 核已做单精度对双精度对比。float 8.0725 ms，double 20.5733 ms，加速比 2.5486，max_abs 179769313486231570814527423731704356798070567525844996598917476803157260780028538760589558632766878171540458953514382464234321326889464182768467546703537516986049910576551282076245490090389328944075868508455133942304583236903222948165808559332123348274797826204144723168738177180919299881250404026184124858368.00000000。误差可判定：是；小于 1e-5：否；float 更快：是。算子 bench，作业 1799867，1024，592 核。,8.0725,20.5733,2.5486,179769313486231570814527423731704356798070567525844996598917476803157260780028538760589558632766878171540458953514382464234321326889464182768467546703537516986049910576551282076245490090389328944075868508455133942304583236903222948165808559332123348274797826204144723168738177180919299881250404026184124858368.00000000,是,否,是,已测
能做混合精度,213,271,Filtering/ImageNoise,ShotNoiseImageFilter,并行,2.7829,2.8485,1.8414,1.5469,1.522e-05,是,灵昇 592 核已做单精度对双精度对比。float 8.4521 ms，double 21.7286 ms，加速比 2.5708，max_abs 0.00001526。误差可判定：是；小于 1e-5：否；float 更快：是。算子 bench，作业 1799867，1024，592 核。,8.4521,21.7286,2.5708,0.00001526,是,否,是,已测
能做混合精度,214,272,Filtering/ImageNoise,SpeckleNoiseImageFilter,并行,92.5364,94.4270,91.3509,1.0337,1.526e-05,是,灵昇 592 核已做单精度对双精度对比。float 21.4203 ms，double 33.7828 ms，加速比 1.5771，max_abs 0.00001525。误差可判定：是；小于 1e-5：否；float 更快：是。算子 bench，作业 1799867，1024，592 核。,21.4203,33.7828,1.5771,0.00001525,是,否,是,已测
能做混合精度,215,273,Filtering/ImageSources,GaborImageSource,并行,104.4710,104.5851,,,,,灵昇 592 核已做单精度对双精度对比。float 98.4082 ms，double 97.1485 ms，加速比 0.9872，max_abs 0.00000000。误差可判定：是；小于 1e-5：是；float 更快：否。算子 bench，作业 1799867，1024，592 核。,98.4082,97.1485,0.9872,0.00000000,是,是,否,已测
能做混合精度,216,274,Filtering/ImageSources,GaussianImageSource,并行,32.8564,32.8603,,,,,灵昇 592 核已做单精度对双精度对比。float 62.3841 ms，double 60.5524 ms，加速比 0.9706，max_abs 0.00000000。误差可判定：是；小于 1e-5：是；float 更快：否。算子 bench，作业 1799867，1024，592 核。,62.3841,60.5524,0.9706,0.00000000,是,是,否,已测
能做混合精度,217,276,Filtering/ImageSources,GridImageSource,并行,37.4214,53.6067,52.0352,1.0302,0,是,灵昇 592 核已做单精度对双精度对比。float 24.8646 ms，double 24.8564 ms，加速比 0.9997，max_abs 0。误差可判定：是；小于 1e-5：是；float 更快：否。算子 bench，作业 1799867，1024，592 核。,24.8646,24.8564,0.9997,0,是,是,否,已测
能做混合精度,218,278,Filtering/ImageSources,PhysicalPointImageSource,并行,0.7712,1.2736,,,,,灵昇 592 核已做单精度对双精度对比。float 8.7933 ms，double 8.7859 ms，加速比 0.9992，max_abs 0。误差可判定：是；小于 1e-5：是；float 更快：否。算子 bench，作业 1799867，1024，592 核。,8.7933,8.7859,0.9992,0,是,是,否,已测
能做混合精度,219,279,Filtering/ImageStatistics,AccumulateImageFilter,并行,18.9870,16.8210,,,,,灵昇 592 核已做单精度对双精度对比。float 26.9755 ms，double 39.4028 ms，加速比 1.4607，max_abs 0.00000000。误差可判定：是；小于 1e-5：是；float 更快：是。算子 bench，作业 1799867，1024，592 核。,26.9755,39.4028,1.4607,0.00000000,是,是,是,已测
能做混合精度,220,280,Filtering/ImageStatistics,AdaptiveHistogramEqualizationImageFilter,并行,22.5053,21.0833,23.7979,0.8859,7.63e-06,否,灵昇 592 核已做单精度对双精度对比。float 20.1254 ms，double 34.0020 ms，加速比 1.6895，max_abs 0.00000763。误差可判定：是；小于 1e-5：是；float 更快：是。算子 bench，作业 1799867，1024，592 核。,20.1254,34.0020,1.6895,0.00000763,是,是,是,已测
能做混合精度,221,281,Filtering/ImageStatistics,BinaryProjectionImageFilter,并行,0.9771,1.2342,,,,,灵昇 592 核已做单精度对双精度对比。float 8.5466 ms，double 8.2172 ms，加速比 0.9615，max_abs 0.00000000。误差可判定：是；小于 1e-5：是；float 更快：否。算子 bench，作业 1799867，1024，592 核。,8.5466,8.2172,0.9615,0.00000000,是,是,否,已测
能做混合精度,222,282,Filtering/ImageStatistics,GetAverageSliceImageFilter,并行,0.1933,0.1898,0.1821,1.0423,0,是,灵昇 592 核已做单精度对双精度对比。float 0.4358 ms，double 0.3733 ms，加速比 0.8566，max_abs 0。误差可判定：是；小于 1e-5：是；float 更快：否。算子 bench，作业 1799867，1024，592 核。,0.4358,0.3733,0.8566,0,是,是,否,已测
能做混合精度,223,283,Filtering/ImageStatistics,LabelOverlapMeasuresImageFilter,并行,1.1873,1.1039,,,,,灵昇 592 核已做单精度对双精度对比。float 9.1718 ms，double 9.0989 ms，加速比 0.9921，max_abs 0。误差可判定：是；小于 1e-5：是；float 更快：否。算子 bench，作业 1799867，1024，592 核。,9.1718,9.0989,0.9921,0,是,是,否,已测
能做混合精度,224,284,Filtering/ImageStatistics,LabelStatisticsImageFilter,并行,1.2765,0.7835,1.0555,0.7423,0,否,灵昇 592 核已做单精度对双精度对比。float 10.6719 ms，double 10.7244 ms，加速比 1.0049，max_abs 0。误差可判定：是；小于 1e-5：是；float 更快：是。算子 bench，作业 1799867，1024，592 核。,10.6719,10.7244,1.0049,0,是,是,是,已测
能做混合精度,225,285,Filtering/ImageStatistics,MaximumProjectionImageFilter,并行,2.7553,1.8589,,,,,灵昇 592 核已做单精度对双精度对比。float 8.6680 ms，double 18.0243 ms，加速比 2.0794，max_abs 0.00000000。误差可判定：是；小于 1e-5：是；float 更快：是。算子 bench，作业 1799867，1024，592 核。,8.6680,18.0243,2.0794,0.00000000,是,是,是,已测
能做混合精度,226,286,Filtering/ImageStatistics,MeanProjectionImageFilter,并行,2.5342,2.3505,,,,,灵昇 592 核已做单精度对双精度对比。float 8.7733 ms，double 18.2993 ms，加速比 2.0858，max_abs 0.00000000。误差可判定：是；小于 1e-5：是；float 更快：是。算子 bench，作业 1799867，1024，592 核。,8.7733,18.2993,2.0858,0.00000000,是,是,是,已测
能做混合精度,227,287,Filtering/ImageStatistics,MedianProjectionImageFilter,并行,2.2005,2.2293,,,,,灵昇 592 核已做单精度对双精度对比。float 9.0085 ms，double 19.1636 ms，加速比 2.1273，max_abs 0.00000000。误差可判定：是；小于 1e-5：是；float 更快：是。算子 bench，作业 1799867，1024，592 核。,9.0085,19.1636,2.1273,0.00000000,是,是,是,已测
能做混合精度,228,288,Filtering/ImageStatistics,MinimumMaximumImageFilter,并行,1.3534,1.0681,,,,,灵昇 592 核已做单精度对双精度对比。float 8.5332 ms，double 16.9176 ms，加速比 1.9826，max_abs 0.00000000。误差可判定：是；小于 1e-5：是；float 更快：是。算子 bench，作业 1799867，1024，592 核。,8.5332,16.9176,1.9826,0.00000000,是,是,是,已测
能做混合精度,229,289,Filtering/ImageStatistics,MinimumProjectionImageFilter,并行,1.8099,2.3383,,,,,灵昇 592 核已做单精度对双精度对比。float 8.5881 ms，double 17.9676 ms，加速比 2.0922，max_abs 0.00000000。误差可判定：是；小于 1e-5：是；float 更快：是。算子 bench，作业 1799867，1024，592 核。,8.5881,17.9676,2.0922,0.00000000,是,是,是,已测
能做混合精度,230,291,Filtering/ImageStatistics,StandardDeviationProjectionImageFilter,并行,2.0435,2.1549,,,,,灵昇 592 核已做单精度对双精度对比。float 8.8569 ms，double 18.6400 ms，加速比 2.1046，max_abs 0.00000000。误差可判定：是；小于 1e-5：是；float 更快：是。算子 bench，作业 1799867，1024，592 核。,8.8569,18.6400,2.1046,0.00000000,是,是,是,已测
能做混合精度,231,292,Filtering/ImageStatistics,StatisticsImageFilter,并行,1.3589,1.3991,,,,,灵昇 592 核已做单精度对双精度对比。float 8.3897 ms，double 17.0302 ms，加速比 2.0299，max_abs 0.00000000。误差可判定：是；小于 1e-5：是；float 更快：是。算子 bench，作业 1799867，1024，592 核。,8.3897,17.0302,2.0299,0.00000000,是,是,是,已测
能做混合精度,232,293,Filtering/ImageStatistics,SumProjectionImageFilter,并行,1.9819,1.9505,,,,,灵昇 592 核已做单精度对双精度对比。float 8.5962 ms，double 18.2167 ms，加速比 2.1192，max_abs 0.00000000。误差可判定：是；小于 1e-5：是；float 更快：是。算子 bench，作业 1799867，1024，592 核。,8.5962,18.2167,2.1192,0.00000000,是,是,是,已测
能做混合精度,233,294,Filtering/LabelMap,AggregateLabelMapFilter,并行,0.0179,0.0195,,,,,灵昇 592 核已做单精度对双精度对比。float 0.0367 ms，double 0.0318 ms，加速比 0.8665，max_abs 0。误差可判定：是；小于 1e-5：是；float 更快：否。算子 bench，作业 1799867，1024，592 核。,0.0367,0.0318,0.8665,0,是,是,否,已测
能做混合精度,234,301,Filtering/LabelMap,AutoCropLabelMapFilter,并行,0.0358,0.0365,,,,,灵昇 592 核已做单精度对双精度对比。float 0.1445 ms，double 0.1365 ms，加速比 0.9446，max_abs 0。误差可判定：是；小于 1e-5：是；float 更快：否。算子 bench，作业 1799867，1024，592 核。,0.1445,0.1365,0.9446,0,是,是,否,已测
能做混合精度,235,302,Filtering/LabelMap,BinaryFillholeImageFilter,串行,,,,,,,灵昇 592 核已做单精度对双精度对比。float 72.6172 ms，double 72.9064 ms，加速比 1.0040，max_abs 0.00000000。误差可判定：是；小于 1e-5：是；float 更快：是。算子 bench，作业 1799867，1024，592 核。,72.6172,72.9064,1.0040,0.00000000,是,是,是,已测
能做混合精度,236,303,Filtering/LabelMap,BinaryGrindPeakImageFilter,串行,,,,,,,灵昇 592 核已做单精度对双精度对比。float 71.7226 ms，double 71.8701 ms，加速比 1.0021，max_abs 0.00000000。误差可判定：是；小于 1e-5：是；float 更快：是。算子 bench，作业 1799867，1024，592 核。,71.7226,71.8701,1.0021,0.00000000,是,是,是,已测
能做混合精度,237,304,Filtering/LabelMap,BinaryImageToLabelMapFilter,并行,5.3860,4.7297,,,,,灵昇 592 核已做单精度对双精度对比。float 44.6171 ms，double 45.8710 ms，加速比 1.0281，max_abs 0.00000000。误差可判定：是；小于 1e-5：是；float 更快：是。算子 bench，作业 1799867，1024，592 核。,44.6171,45.8710,1.0281,0.00000000,是,是,是,已测
能做混合精度,238,305,Filtering/LabelMap,BinaryImageToShapeLabelMapFilter,并行,5.6773,8.0924,,,,,灵昇 592 核已做单精度对双精度对比。float 65.8939 ms，double 66.9205 ms，加速比 1.0156，max_abs 0.00000000。误差可判定：是；小于 1e-5：是；float 更快：是。算子 bench，作业 1799867，1024，592 核。,65.8939,66.9205,1.0156,0.00000000,是,是,是,已测
能做混合精度,239,306,Filtering/LabelMap,BinaryImageToStatisticsLabelMapFilter,并行,5.7091,5.7263,,,,,灵昇 592 核已做单精度对双精度对比。float 42.9732 ms，double 52.6277 ms，加速比 1.2247，max_abs 0。误差可判定：是；小于 1e-5：是；float 更快：是。算子 bench，作业 1799867，1024，592 核。,42.9732,52.6277,1.2247,0,是,是,是,已测
能做混合精度,240,307,Filtering/LabelMap,BinaryNotImageFilter,并行,0.6987,1.0182,,,,,灵昇 592 核已做单精度对双精度对比。float 8.5764 ms，double 8.3678 ms，加速比 0.9757，max_abs 0.00000000。误差可判定：是；小于 1e-5：是；float 更快：否。算子 bench，作业 1799867，1024，592 核。,8.5764,8.3678,0.9757,0.00000000,是,是,否,已测
能做混合精度,241,308,Filtering/LabelMap,BinaryReconstructionByDilationImageFilter,并行,3.1946,4.6956,,,,,灵昇 592 核已做单精度对双精度对比。float 49.2615 ms，double 50.0462 ms，加速比 1.0159，max_abs 0。误差可判定：是；小于 1e-5：是；float 更快：是。算子 bench，作业 1799867，1024，592 核。,49.2615,50.0462,1.0159,0,是,是,是,已测
能做混合精度,242,309,Filtering/LabelMap,BinaryReconstructionByErosionImageFilter,并行,6.2302,8.4082,,,,,灵昇 592 核已做单精度对双精度对比。float 69.0219 ms，double 70.2604 ms，加速比 1.0179，max_abs 0。误差可判定：是；小于 1e-5：是；float 更快：是。算子 bench，作业 1799867，1024，592 核。,69.0219,70.2604,1.0179,0,是,是,是,已测
能做混合精度,243,311,Filtering/LabelMap,BinaryShapeKeepNObjectsImageFilter,并行,6.4839,8.7455,,,,,灵昇 592 核已做单精度对双精度对比。float 70.6169 ms，double 70.7558 ms，加速比 1.0020，max_abs 0.00000000。误差可判定：是；小于 1e-5：是；float 更快：是。算子 bench，作业 1799867，1024，592 核。,70.6169,70.7558,1.0020,0.00000000,是,是,是,已测
能做混合精度,244,312,Filtering/LabelMap,BinaryShapeOpeningImageFilter,并行,3.1654,4.7015,,,,,灵昇 592 核已做单精度对双精度对比。float 51.7778 ms，double 51.7031 ms，加速比 0.9986，max_abs 0。误差可判定：是；小于 1e-5：是；float 更快：否。算子 bench，作业 1799867，1024，592 核。,51.7778,51.7031,0.9986,0,是,是,否,已测
能做混合精度,245,313,Filtering/LabelMap,BinaryStatisticsKeepNObjectsImageFilter,并行,7.2852,8.5609,,,,,灵昇 592 核已做单精度对双精度对比。float 62.3374 ms，double 68.0881 ms，加速比 1.0923，max_abs 0。误差可判定：是；小于 1e-5：是；float 更快：是。算子 bench，作业 1799867，1024，592 核。,62.3374,68.0881,1.0923,0,是,是,是,已测
能做混合精度,246,314,Filtering/LabelMap,BinaryStatisticsOpeningImageFilter,并行,7.1671,7.1439,,,,,灵昇 592 核已做单精度对双精度对比。float 62.2346 ms，double 72.4117 ms，加速比 1.1635，max_abs 0。误差可判定：是；小于 1e-5：是；float 更快：是。算子 bench，作业 1799867，1024，592 核。,62.2346,72.4117,1.1635,0,是,是,是,已测
能做混合精度,247,315,Filtering/LabelMap,ChangeLabelLabelMapFilter,并行,5.1799,7.9711,,,,,灵昇 592 核已做单精度对双精度对比。float 46.2888 ms，double 46.5087 ms，加速比 1.0048，max_abs 0.00000000。误差可判定：是；小于 1e-5：是；float 更快：是。算子 bench，作业 1799867，1024，592 核。,46.2888,46.5087,1.0048,0.00000000,是,是,是,已测
能做混合精度,248,316,Filtering/LabelMap,ChangeRegionLabelMapFilter,并行,0.0188,0.0194,,,,,灵昇 592 核已做单精度对双精度对比。float 0.0376 ms，double 0.0324 ms，加速比 0.8617，max_abs 0。误差可判定：是；小于 1e-5：是；float 更快：否。算子 bench，作业 1799867，1024，592 核。,0.0376,0.0324,0.8617,0,是,是,否,已测
能做混合精度,249,317,Filtering/LabelMap,ConvertLabelMapFilter,并行,0.0180,0.0187,,,,,灵昇 592 核已做单精度对双精度对比。float 0.0352 ms，double 0.0309 ms，加速比 0.8778，max_abs 0。误差可判定：是；小于 1e-5：是；float 更快：否。算子 bench，作业 1799867，1024，592 核。,0.0352,0.0309,0.8778,0,是,是,否,已测
能做混合精度,250,318,Filtering/LabelMap,CropLabelMapFilter,并行,0.0180,0.0196,,,,,灵昇 592 核已做单精度对双精度对比。float 0.0364 ms，double 0.0342 ms，加速比 0.9396，max_abs 0。误差可判定：是；小于 1e-5：是；float 更快：否。算子 bench，作业 1799867，1024，592 核。,0.0364,0.0342,0.9396,0,是,是,否,已测
能做混合精度,251,320,Filtering/LabelMap,LabelImageToLabelMapFilter,并行,1.1116,1.5832,,,,,灵昇 592 核已做单精度对双精度对比。float 15.1163 ms，double 15.3149 ms，加速比 1.0131，max_abs 0.00000000。误差可判定：是；小于 1e-5：是；float 更快：是。算子 bench，作业 1799867，1024，592 核。,15.1163,15.3149,1.0131,0.00000000,是,是,是,已测
能做混合精度,252,321,Filtering/LabelMap,LabelImageToShapeLabelMapFilter,并行,2.2170,2.6533,,,,,灵昇 592 核已做单精度对双精度对比。float 22.7938 ms，double 22.8706 ms，加速比 1.0034，max_abs 0。误差可判定：是；小于 1e-5：是；float 更快：是。算子 bench，作业 1799867，1024，592 核。,22.7938,22.8706,1.0034,0,是,是,是,已测
能做混合精度,253,322,Filtering/LabelMap,LabelImageToStatisticsLabelMapFilter,并行,170.2330,171.0421,,,,,灵昇 592 核已做单精度对双精度对比。float 278.7996 ms，double 195.8250 ms，加速比 0.7024，max_abs 0。误差可判定：是；小于 1e-5：是；float 更快：否。算子 bench，作业 1799867，1024，592 核。,278.7996,195.8250,0.7024,0,是,是,否,已测
能做混合精度,254,324,Filtering/LabelMap,LabelMapMaskImageFilter,并行,2.9888,3.0102,,,,,灵昇 592 核已做单精度对双精度对比。float 9.6202 ms，double 16.4468 ms，加速比 1.7096，max_abs 0。误差可判定：是；小于 1e-5：是；float 更快：是。算子 bench，作业 1799867，1024，592 核。,9.6202,16.4468,1.7096,0,是,是,是,已测
能做混合精度,255,325,Filtering/LabelMap,LabelMapToAttributeImageFilter,并行,0.0238,0.0239,,,,,灵昇 592 核已做单精度对双精度对比。float 0.0393 ms，double 0.0362 ms，加速比 0.9211，max_abs 0。误差可判定：是；小于 1e-5：是；float 更快：否。算子 bench，作业 1799867，1024，592 核。,0.0393,0.0362,0.9211,0,是,是,否,已测
能做混合精度,256,326,Filtering/LabelMap,LabelMapToBinaryImageFilter,并行,6.7896,8.7388,,,,,灵昇 592 核已做单精度对双精度对比。float 80.7331 ms，double 79.7473 ms，加速比 0.9878，max_abs 0.00000000。误差可判定：是；小于 1e-5：是；float 更快：否。算子 bench，作业 1799867，1024，592 核。,80.7331,79.7473,0.9878,0.00000000,是,是,否,已测
能做混合精度,257,327,Filtering/LabelMap,LabelMapToLabelImageFilter,并行,7.8485,5.9500,,,,,灵昇 592 核已做单精度对双精度对比。float 56.3464 ms，double 55.4455 ms，加速比 0.9840，max_abs 0.00000000。误差可判定：是；小于 1e-5：是；float 更快：否。算子 bench，作业 1799867，1024，592 核。,56.3464,55.4455,0.9840,0.00000000,是,是,否,已测
能做混合精度,258,328,Filtering/LabelMap,LabelSelectionLabelMapFilter,并行,0.0225,0.0237,,,,,灵昇 592 核已做单精度对双精度对比。float 0.0437 ms，double 0.0386 ms，加速比 0.8833，max_abs 0。误差可判定：是；小于 1e-5：是；float 更快：否。算子 bench，作业 1799867，1024，592 核。,0.0437,0.0386,0.8833,0,是,是,否,已测
能做混合精度,259,329,Filtering/LabelMap,LabelShapeKeepNObjectsImageFilter,并行,3.2282,2.8855,,,,,灵昇 592 核已做单精度对双精度对比。float 48.6980 ms，double 55.3932 ms，加速比 1.1375，max_abs 0。误差可判定：是；小于 1e-5：是；float 更快：是。算子 bench，作业 1799867，1024，592 核。,48.6980,55.3932,1.1375,0,是,是,是,已测
能做混合精度,260,330,Filtering/LabelMap,LabelShapeOpeningImageFilter,并行,2.8538,2.2604,,,,,灵昇 592 核已做单精度对双精度对比。float 1665.9048 ms，double 35.7107 ms，加速比 0.0214，max_abs 0。误差可判定：是；小于 1e-5：是；float 更快：否。算子 bench，作业 1799867，1024，592 核。,1665.9048,35.7107,0.0214,0,是,是,否,已测
能做混合精度,261,331,Filtering/LabelMap,LabelStatisticsKeepNObjectsImageFilter,并行,170.5821,171.5745,,,,,灵昇 592 核已做单精度对双精度对比。float 202.1349 ms，double 214.6782 ms，加速比 1.0621，max_abs 0。误差可判定：是；小于 1e-5：是；float 更快：是。算子 bench，作业 1799867，1024，592 核。,202.1349,214.6782,1.0621,0,是,是,是,已测
能做混合精度,262,332,Filtering/LabelMap,LabelStatisticsOpeningImageFilter,并行,171.1935,170.8849,,,,,灵昇 592 核已做单精度对双精度对比。float 193.6011 ms，double 218.8520 ms，加速比 1.1304，max_abs 0。误差可判定：是；小于 1e-5：是；float 更快：是。算子 bench，作业 1799867，1024，592 核。,193.6011,218.8520,1.1304,0,是,是,是,已测
能做混合精度,263,334,Filtering/LabelMap,MergeLabelMapFilter,并行,0.0221,0.0233,,,,,灵昇 592 核已做单精度对双精度对比。float 0.0410 ms，double 0.0377 ms，加速比 0.9195，max_abs 0。误差可判定：是；小于 1e-5：是；float 更快：否。算子 bench，作业 1799867，1024，592 核。,0.0410,0.0377,0.9195,0,是,是,否,已测
能做混合精度,264,336,Filtering/LabelMap,PadLabelMapFilter,并行,0.0379,0.0380,,,,,灵昇 592 核已做单精度对双精度对比。float 0.1512 ms，double 0.1523 ms，加速比 1.0073，max_abs 0。误差可判定：是；小于 1e-5：是；float 更快：是。算子 bench，作业 1799867，1024，592 核。,0.1512,0.1523,1.0073,0,是,是,是,已测
能做混合精度,265,338,Filtering/LabelMap,RelabelLabelMapFilter,并行,5.2406,6.3988,,,,,灵昇 592 核已做单精度对双精度对比。float 57.8726 ms，double 56.6521 ms，加速比 0.9789，max_abs 0.00000000。误差可判定：是；小于 1e-5：是；float 更快：否。算子 bench，作业 1799867，1024，592 核。,57.8726,56.6521,0.9789,0.00000000,是,是,否,已测
能做混合精度,266,339,Filtering/LabelMap,ShapeKeepNObjectsLabelMapFilter,并行,8.4468,9.2375,,,,,灵昇 592 核已做单精度对双精度对比。float 66.8227 ms，double 66.1002 ms，加速比 0.9892，max_abs 0.00000000。误差可判定：是；小于 1e-5：是；float 更快：否。算子 bench，作业 1799867，1024，592 核。,66.8227,66.1002,0.9892,0.00000000,是,是,否,已测
能做混合精度,267,340,Filtering/LabelMap,ShapeLabelMapFilter,并行,0.0191,0.0195,,,,,灵昇 592 核已做单精度对双精度对比。float 0.0373 ms，double 0.0325 ms，加速比 0.8713，max_abs 0。误差可判定：是；小于 1e-5：是；float 更快：否。算子 bench，作业 1799867，1024，592 核。,0.0373,0.0325,0.8713,0,是,是,否,已测
能做混合精度,268,341,Filtering/LabelMap,ShapeOpeningLabelMapFilter,并行,0.0233,0.0215,,,,,灵昇 592 核已做单精度对双精度对比。float 0.0412 ms，double 0.0373 ms，加速比 0.9053，max_abs 0。误差可判定：是；小于 1e-5：是；float 更快：否。算子 bench，作业 1799867，1024，592 核。,0.0412,0.0373,0.9053,0,是,是,否,已测
能做混合精度,269,343,Filtering/LabelMap,ShapeRelabelImageFilter,并行,9.4093,5.7471,,,,,灵昇 592 核已做单精度对双精度对比。float 79.6035 ms，double 80.3075 ms，加速比 1.0088，max_abs 0.00000000。误差可判定：是；小于 1e-5：是；float 更快：是。算子 bench，作业 1799867，1024，592 核。,79.6035,80.3075,1.0088,0.00000000,是,是,是,已测
能做混合精度,270,344,Filtering/LabelMap,ShapeRelabelLabelMapFilter,并行,0.0179,0.0189,,,,,灵昇 592 核已做单精度对双精度对比。float 0.0358 ms，double 0.0318 ms，加速比 0.8883，max_abs 0。误差可判定：是；小于 1e-5：是；float 更快：否。算子 bench，作业 1799867，1024，592 核。,0.0358,0.0318,0.8883,0,是,是,否,已测
能做混合精度,271,345,Filtering/LabelMap,ShapeUniqueLabelMapFilter,并行,0.0178,0.0177,,,,,灵昇 592 核已做单精度对双精度对比。float 0.0368 ms，double 0.0318 ms，加速比 0.8641，max_abs 0。误差可判定：是；小于 1e-5：是；float 更快：否。算子 bench，作业 1799867，1024，592 核。,0.0368,0.0318,0.8641,0,是,是,否,已测
能做混合精度,272,346,Filtering/LabelMap,ShiftScaleLabelMapFilter,并行,0.0178,0.0192,,,,,灵昇 592 核已做单精度对双精度对比。float 0.0367 ms，double 0.0343 ms，加速比 0.9346，max_abs 0。误差可判定：是；小于 1e-5：是；float 更快：否。算子 bench，作业 1799867，1024，592 核。,0.0367,0.0343,0.9346,0,是,是,否,已测
能做混合精度,273,347,Filtering/LabelMap,StatisticsKeepNObjectsLabelMapFilter,并行,0.0252,0.0256,,,,,灵昇 592 核已做单精度对双精度对比。float 0.0483 ms，double 0.0435 ms，加速比 0.9006，max_abs 0。误差可判定：是；小于 1e-5：是；float 更快：否。算子 bench，作业 1799867，1024，592 核。,0.0483,0.0435,0.9006,0,是,是,否,已测
能做混合精度,274,348,Filtering/LabelMap,StatisticsLabelMapFilter,并行,0.0307,0.0298,,,,,灵昇 592 核已做单精度对双精度对比。float 0.0557 ms，double 0.0504 ms，加速比 0.9048，max_abs 0。误差可判定：是；小于 1e-5：是；float 更快：否。算子 bench，作业 1799867，1024，592 核。,0.0557,0.0504,0.9048,0,是,是,否,已测
能做混合精度,275,349,Filtering/LabelMap,StatisticsOpeningLabelMapFilter,并行,0.0256,0.0244,,,,,灵昇 592 核已做单精度对双精度对比。float 0.0483 ms，double 0.0450 ms，加速比 0.9317，max_abs 0。误差可判定：是；小于 1e-5：是；float 更快：否。算子 bench，作业 1799867，1024，592 核。,0.0483,0.0450,0.9317,0,是,是,否,已测
能做混合精度,276,351,Filtering/LabelMap,StatisticsRelabelImageFilter,并行,170.8194,172.0832,,,,,灵昇 592 核已做单精度对双精度对比。float 415.7889 ms，double 213.2864 ms，加速比 0.5130，max_abs 0。误差可判定：是；小于 1e-5：是；float 更快：否。算子 bench，作业 1799867，1024，592 核。,415.7889,213.2864,0.5130,0,是,是,否,已测
能做混合精度,277,352,Filtering/LabelMap,StatisticsRelabelLabelMapFilter,并行,0.0199,0.0184,,,,,灵昇 592 核已做单精度对双精度对比。float 0.0370 ms，double 0.0318 ms，加速比 0.8595，max_abs 0。误差可判定：是；小于 1e-5：是；float 更快：否。算子 bench，作业 1799867，1024，592 核。,0.0370,0.0318,0.8595,0,是,是,否,已测
能做混合精度,278,354,Filtering/MathematicalMorphology,AnchorCloseImageFilter,并行,12.8001,11.0614,17.4483,0.6340,0,否,灵昇 592 核已做单精度对双精度对比。float 27.9482 ms，double 19.0432 ms，加速比 0.6814，max_abs 0。误差可判定：是；小于 1e-5：是；float 更快：否。算子 bench，作业 1799867，1024，592 核。,27.9482,19.0432,0.6814,0,是,是,否,已测
能做混合精度,279,355,Filtering/MathematicalMorphology,AnchorDilateImageFilter,并行,13.9997,14.8354,14.1844,1.0459,0,是,灵昇 592 核已做单精度对双精度对比。float 27.7843 ms，double 18.4431 ms，加速比 0.6638，max_abs 0。误差可判定：是；小于 1e-5：是；float 更快：否。算子 bench，作业 1799867，1024，592 核。,27.7843,18.4431,0.6638,0,是,是,否,已测
能做混合精度,280,357,Filtering/MathematicalMorphology,AnchorErodeImageFilter,并行,10.2403,14.1492,16.9157,0.8365,0,否,灵昇 592 核已做单精度对双精度对比。float 20.1624 ms，double 17.2946 ms，加速比 0.8578，max_abs 0。误差可判定：是；小于 1e-5：是；float 更快：否。算子 bench，作业 1799867，1024，592 核。,20.1624,17.2946,0.8578,0,是,是,否,已测
能做混合精度,281,359,Filtering/MathematicalMorphology,AnchorOpenImageFilter,并行,11.2478,10.3736,11.9998,0.8645,0,否,灵昇 592 核已做单精度对双精度对比。float 19.9330 ms，double 19.3866 ms，加速比 0.9726，max_abs 0。误差可判定：是；小于 1e-5：是；float 更快：否。算子 bench，作业 1799867，1024，592 核。,19.9330,19.3866,0.9726,0,是,是,否,已测
能做混合精度,282,360,Filtering/MathematicalMorphology,BasicDilateImageFilter,并行,1.4049,1.2764,1.3956,0.9146,0,否,灵昇 592 核已做单精度对双精度对比。float 9.0052 ms，double 8.8843 ms，加速比 0.9866，max_abs 0。误差可判定：是；小于 1e-5：是；float 更快：否。算子 bench，作业 1799867，1024，592 核。,9.0052,8.8843,0.9866,0,是,是,否,已测
能做混合精度,283,361,Filtering/MathematicalMorphology,BasicErodeImageFilter,并行,1.4711,1.2761,1.4194,0.8990,0,否,灵昇 592 核已做单精度对双精度对比。float 9.3250 ms，double 9.2241 ms，加速比 0.9892，max_abs 0。误差可判定：是；小于 1e-5：是；float 更快：否。算子 bench，作业 1799867，1024，592 核。,9.3250,9.2241,0.9892,0,是,是,否,已测
能做混合精度,284,362,Filtering/MathematicalMorphology,BlackTopHatImageFilter,并行,25.8535,25.9948,24.0625,1.0803,0,是,灵昇 592 核已做单精度对双精度对比。float 40.2532 ms，double 54.7019 ms，加速比 1.3589，max_abs 0.00000000。误差可判定：是；小于 1e-5：是；float 更快：是。算子 bench，作业 1799867，1024，592 核。,40.2532,54.7019,1.3589,0.00000000,是,是,是,已测
能做混合精度,285,363,Filtering/MathematicalMorphology,ClosingByReconstructionImageFilter,串行,,,,,,,灵昇 592 核已做单精度对双精度对比。float 215.4166 ms，double 328.3235 ms，加速比 1.5241，max_abs 0.00000000。误差可判定：是；小于 1e-5：是；float 更快：是。算子 bench，作业 1799867，1024，592 核。,215.4166,328.3235,1.5241,0.00000000,是,是,是,已测
能做混合精度,286,364,Filtering/MathematicalMorphology,DoubleThresholdImageFilter,并行,91.7877,96.6138,76.4531,1.2637,,是,灵昇 592 核已做单精度对双精度对比。float 198.2277 ms，double 291.2158 ms，加速比 1.4691，max_abs 179769313486231570814527423731704356798070567525844996598917476803157260780028538760589558632766878171540458953514382464234321326889464182768467546703537516986049910576551282076245490090389328944075868508455133942304583236903222948165808559332123348274797826204144723168738177180919299881250404026184124858368.00000000。误差可判定：是；小于 1e-5：否；float 更快：是。算子 bench，作业 1799867，1024，592 核。,198.2277,291.2158,1.4691,179769313486231570814527423731704356798070567525844996598917476803157260780028538760589558632766878171540458953514382464234321326889464182768467546703537516986049910576551282076245490090389328944075868508455133942304583236903222948165808559332123348274797826204144723168738177180919299881250404026184124858368.00000000,是,否,是,已测
能做混合精度,287,365,Filtering/MathematicalMorphology,GrayscaleConnectedClosingImageFilter,并行,352.6573,343.5134,312.4202,1.0995,0,是,灵昇 592 核已做单精度对双精度对比。float 780.5797 ms，double 921.1825 ms，加速比 1.1801，max_abs 0。误差可判定：是；小于 1e-5：是；float 更快：是。算子 bench，作业 1799867，1024，592 核。,780.5797,921.1825,1.1801,0,是,是,是,已测
能做混合精度,288,366,Filtering/MathematicalMorphology,GrayscaleConnectedOpeningImageFilter,并行,418.2682,437.6210,417.0609,1.0493,0,是,灵昇 592 核已做单精度对双精度对比。float 1114.2579 ms，double 1362.6894 ms，加速比 1.2230，max_abs 0。误差可判定：是；小于 1e-5：是；float 更快：是。算子 bench，作业 1799867，1024，592 核。,1114.2579,1362.6894,1.2230,0,是,是,是,已测
能做混合精度,289,367,Filtering/MathematicalMorphology,GrayscaleDilateImageFilter,并行,10.9557,10.9405,9.4485,1.1579,0,是,灵昇 592 核已做单精度对双精度对比。float 8.2555 ms，double 19.0481 ms，加速比 2.3073，max_abs 0.00000000。误差可判定：是；小于 1e-5：是；float 更快：是。算子 bench，作业 1799867，1024，592 核。,8.2555,19.0481,2.3073,0.00000000,是,是,是,已测
能做混合精度,290,368,Filtering/MathematicalMorphology,GrayscaleErodeImageFilter,并行,11.4014,11.6577,11.3834,1.0241,0,是,灵昇 592 核已做单精度对双精度对比。float 8.1376 ms，double 19.1019 ms，加速比 2.3474，max_abs 0.00000000。误差可判定：是；小于 1e-5：是；float 更快：是。算子 bench，作业 1799867，1024，592 核。,8.1376,19.1019,2.3474,0.00000000,是,是,是,已测
能做混合精度,291,369,Filtering/MathematicalMorphology,GrayscaleFillholeImageFilter,串行,,,,,,,灵昇 592 核已做单精度对双精度对比。float 580.8256 ms，double 728.0557 ms，加速比 1.2535，max_abs 0.00000000。误差可判定：是；小于 1e-5：是；float 更快：是。算子 bench，作业 1799867，1024，592 核。,580.8256,728.0557,1.2535,0.00000000,是,是,是,已测
能做混合精度,292,370,Filtering/MathematicalMorphology,GrayscaleFunctionDilateImageFilter,并行,2.2229,2.1243,2.1061,1.0086,0,是,灵昇 592 核已做单精度对双精度对比。float 9.3711 ms，double 9.0641 ms，加速比 0.9672，max_abs 0。误差可判定：是；小于 1e-5：是；float 更快：否。算子 bench，作业 1799867，1024，592 核。,9.3711,9.0641,0.9672,0,是,是,否,已测
能做混合精度,293,371,Filtering/MathematicalMorphology,GrayscaleFunctionErodeImageFilter,并行,2.2941,1.4082,1.4615,0.9635,0,否,灵昇 592 核已做单精度对双精度对比。float 9.3304 ms，double 9.3039 ms，加速比 0.9972，max_abs 0。误差可判定：是；小于 1e-5：是；float 更快：否。算子 bench，作业 1799867，1024，592 核。,9.3304,9.3039,0.9972,0,是,是,否,已测
能做混合精度,294,372,Filtering/MathematicalMorphology,GrayscaleGeodesicDilateImageFilter,并行,15.0902,16.4430,13.4803,1.2198,0,是,灵昇 592 核已做单精度对双精度对比。float 53.1374 ms，double 55.9961 ms，加速比 1.0538，max_abs 0。误差可判定：是；小于 1e-5：是；float 更快：是。算子 bench，作业 1799867，1024，592 核。,53.1374,55.9961,1.0538,0,是,是,是,已测
能做混合精度,295,373,Filtering/MathematicalMorphology,GrayscaleGeodesicErodeImageFilter,并行,15.7888,16.0151,12.9751,1.2343,0,是,灵昇 592 核已做单精度对双精度对比。float 55.7210 ms，double 57.5508 ms，加速比 1.0328，max_abs 0。误差可判定：是；小于 1e-5：是；float 更快：是。算子 bench，作业 1799867，1024，592 核。,55.7210,57.5508,1.0328,0,是,是,是,已测
能做混合精度,296,374,Filtering/MathematicalMorphology,GrayscaleGrindPeakImageFilter,串行,,,,,,,灵昇 592 核已做单精度对双精度对比。float 315.1434 ms，double 450.8954 ms，加速比 1.4308，max_abs 0.00000000。误差可判定：是；小于 1e-5：是；float 更快：是。算子 bench，作业 1799867，1024，592 核。,315.1434,450.8954,1.4308,0.00000000,是,是,是,已测
能做混合精度,297,375,Filtering/MathematicalMorphology,GrayscaleMorphologicalClosingImageFilter,并行,23.7981,23.9678,22.0308,1.0879,0,是,灵昇 592 核已做单精度对双精度对比。float 33.9758 ms，double 49.0631 ms，加速比 1.4441，max_abs 0.00000000。误差可判定：是；小于 1e-5：是；float 更快：是。算子 bench，作业 1799867，1024，592 核。,33.9758,49.0631,1.4441,0.00000000,是,是,是,已测
能做混合精度,298,376,Filtering/MathematicalMorphology,GrayscaleMorphologicalOpeningImageFilter,并行,24.2136,23.8312,22.6211,1.0535,0,是,灵昇 592 核已做单精度对双精度对比。float 33.7075 ms，double 49.1357 ms，加速比 1.4577，max_abs 0.00000000。误差可判定：是；小于 1e-5：是；float 更快：是。算子 bench，作业 1799867，1024，592 核。,33.7075,49.1357,1.4577,0.00000000,是,是,是,已测
能做混合精度,299,377,Filtering/MathematicalMorphology,HConcaveImageFilter,串行,,,,,,,灵昇 592 核已做单精度对双精度对比。float 237.8720 ms，double 352.5932 ms，加速比 1.4823，max_abs 0.00000000。误差可判定：是；小于 1e-5：是；float 更快：是。算子 bench，作业 1799867，1024，592 核。,237.8720,352.5932,1.4823,0.00000000,是,是,是,已测
能做混合精度,300,378,Filtering/MathematicalMorphology,HConvexImageFilter,串行,,,,,,,灵昇 592 核已做单精度对双精度对比。float 274.2719 ms，double 382.8168 ms，加速比 1.3958，max_abs 0.00000000。误差可判定：是；小于 1e-5：是；float 更快：是。算子 bench，作业 1799867，1024，592 核。,274.2719,382.8168,1.3958,0.00000000,是,是,是,已测
能做混合精度,301,379,Filtering/MathematicalMorphology,HMaximaImageFilter,串行,,,,,,,灵昇 592 核已做单精度对双精度对比。float 260.3618 ms，double 370.2247 ms，加速比 1.4220，max_abs 0.00000000。误差可判定：是；小于 1e-5：是；float 更快：是。算子 bench，作业 1799867，1024，592 核。,260.3618,370.2247,1.4220,0.00000000,是,是,是,已测
能做混合精度,302,380,Filtering/MathematicalMorphology,HMinimaImageFilter,串行,,,,,,,灵昇 592 核已做单精度对双精度对比。float 237.2226 ms，double 337.1781 ms，加速比 1.4214，max_abs 0.00000000。误差可判定：是；小于 1e-5：是；float 更快：是。算子 bench，作业 1799867，1024，592 核。,237.2226,337.1781,1.4214,0.00000000,是,是,是,已测
能做混合精度,303,381,Filtering/MathematicalMorphology,MaskedMovingHistogramImageFilter,并行,0.2649,3.2081,2.9646,1.0821,0,是,灵昇 592 核已做单精度对双精度对比。float 1.3348 ms，double 3.0527 ms，加速比 2.2870，max_abs 0。误差可判定：是；小于 1e-5：是；float 更快：是。算子 bench，作业 1799867，1024，592 核。,1.3348,3.0527,2.2870,0,是,是,是,已测
能做混合精度,304,382,Filtering/MathematicalMorphology,MaskedRankImageFilter,并行,2.0091,2.0608,1.2893,1.5984,0,是,灵昇 592 核已做单精度对双精度对比。float 9.0616 ms，double 8.9114 ms，加速比 0.9834，max_abs 0。误差可判定：是；小于 1e-5：是；float 更快：否。算子 bench，作业 1799867，1024，592 核。,9.0616,8.9114,0.9834,0,是,是,否,已测
能做混合精度,305,383,Filtering/MathematicalMorphology,MorphologicalGradientImageFilter,并行,22.8969,22.8811,25.1146,0.9111,0,否,灵昇 592 核已做单精度对双精度对比。float 24.0113 ms，double 38.3034 ms，加速比 1.5952，max_abs 0.00000000。误差可判定：是；小于 1e-5：是；float 更快：是。算子 bench，作业 1799867，1024，592 核。,24.0113,38.3034,1.5952,0.00000000,是,是,是,已测
能做混合精度,306,385,Filtering/MathematicalMorphology,MovingHistogramDilateImageFilter,并行,8.5834,7.6823,6.9715,1.1020,0,是,灵昇 592 核已做单精度对双精度对比。float 11.0330 ms，double 15.6033 ms，加速比 1.4142，max_abs 0。误差可判定：是；小于 1e-5：是；float 更快：是。算子 bench，作业 1799867，1024，592 核。,11.0330,15.6033,1.4142,0,是,是,是,已测
能做混合精度,307,386,Filtering/MathematicalMorphology,MovingHistogramErodeImageFilter,并行,5.7973,28.1482,13.4326,2.0955,0,是,灵昇 592 核已做单精度对双精度对比。float 15.0561 ms，double 15.3907 ms，加速比 1.0222，max_abs 0。误差可判定：是；小于 1e-5：是；float 更快：是。算子 bench，作业 1799867，1024，592 核。,15.0561,15.3907,1.0222,0,是,是,是,已测
能做混合精度,308,387,Filtering/MathematicalMorphology,MovingHistogramMorphologicalGradientImageFilter,并行,13.5820,7.9598,8.6543,0.9198,0,否,灵昇 592 核已做单精度对双精度对比。float 10.4762 ms，double 14.1540 ms，加速比 1.3511，max_abs 0。误差可判定：是；小于 1e-5：是；float 更快：是。算子 bench，作业 1799867，1024，592 核。,10.4762,14.1540,1.3511,0,是,是,是,已测
能做混合精度,309,389,Filtering/MathematicalMorphology,OpeningByReconstructionImageFilter,串行,,,,,,,灵昇 592 核已做单精度对双精度对比。float 208.2563 ms，double 324.2597 ms，加速比 1.5570，max_abs 0.00000000。误差可判定：是；小于 1e-5：是；float 更快：是。算子 bench，作业 1799867，1024，592 核。,208.2563,324.2597,1.5570,0.00000000,是,是,是,已测
能做混合精度,310,390,Filtering/MathematicalMorphology,RankImageFilter,并行,11.9588,8.3432,11.1496,0.7483,0,否,灵昇 592 核已做单精度对双精度对比。float 10.9251 ms，double 24.6886 ms，加速比 2.2598，max_abs 0.00000000。误差可判定：是；小于 1e-5：是；float 更快：是。算子 bench，作业 1799867，1024，592 核。,10.9251,24.6886,2.2598,0.00000000,是,是,是,已测
能做混合精度,311,391,Filtering/MathematicalMorphology,ReconstructionByDilationImageFilter,并行,90.2810,93.1090,89.7014,1.0380,0,是,灵昇 592 核已做单精度对双精度对比。float 239.0032 ms，double 274.8895 ms，加速比 1.1501，max_abs 0。误差可判定：是；小于 1e-5：是；float 更快：是。算子 bench，作业 1799867，1024，592 核。,239.0032,274.8895,1.1501,0,是,是,是,已测
能做混合精度,312,392,Filtering/MathematicalMorphology,ReconstructionByErosionImageFilter,并行,94.7877,94.6821,88.0785,1.0750,0,是,灵昇 592 核已做单精度对双精度对比。float 229.3285 ms，double 256.6733 ms，加速比 1.1192，max_abs 0。误差可判定：是；小于 1e-5：是；float 更快：是。算子 bench，作业 1799867，1024，592 核。,229.3285,256.6733,1.1192,0,是,是,是,已测
能做混合精度,313,394,Filtering/MathematicalMorphology,RegionalMaximaImageFilter,串行,,,,,,,灵昇 592 核已做单精度对双精度对比。float 180.4216 ms，double 207.3117 ms，加速比 1.1490，max_abs 0.00000000。误差可判定：是；小于 1e-5：是；float 更快：是。算子 bench，作业 1799867，1024，592 核。,180.4216,207.3117,1.1490,0.00000000,是,是,是,已测
能做混合精度,314,395,Filtering/MathematicalMorphology,RegionalMinimaImageFilter,串行,,,,,,,灵昇 592 核已做单精度对双精度对比。float 180.3918 ms，double 212.6674 ms，加速比 1.1789，max_abs 0.00000000。误差可判定：是；小于 1e-5：是；float 更快：是。算子 bench，作业 1799867，1024，592 核。,180.3918,212.6674,1.1789,0.00000000,是,是,是,已测
能做混合精度,315,397,Filtering/MathematicalMorphology,ValuedRegionalMaximaImageFilter,串行,,,,,,,灵昇 592 核已做单精度对双精度对比。float 174.9765 ms，double 201.5951 ms，加速比 1.1521，max_abs 0.00000000。误差可判定：是；小于 1e-5：是；float 更快：是。算子 bench，作业 1799867，1024，592 核。,174.9765,201.5951,1.1521,0.00000000,是,是,是,已测
能做混合精度,316,398,Filtering/MathematicalMorphology,ValuedRegionalMinimaImageFilter,串行,,,,,,,灵昇 592 核已做单精度对双精度对比。float 166.8840 ms，double 212.5533 ms，加速比 1.2737，max_abs 0.00000000。误差可判定：是；小于 1e-5：是；float 更快：是。算子 bench，作业 1799867，1024，592 核。,166.8840,212.5533,1.2737,0.00000000,是,是,是,已测
能做混合精度,317,399,Filtering/MathematicalMorphology,VanHerkGilWermanDilateImageFilter,并行,1.3540,1.0063,0.9597,1.0486,0,是,灵昇 592 核已做单精度对双精度对比。float 9.5294 ms，double 9.3903 ms，加速比 0.9854，max_abs 0。误差可判定：是；小于 1e-5：是；float 更快：否。算子 bench，作业 1799867，1024，592 核。,9.5294,9.3903,0.9854,0,是,是,否,已测
能做混合精度,318,401,Filtering/MathematicalMorphology,VanHerkGilWermanErodeImageFilter,并行,1.6401,1.4120,1.1929,1.1837,0,是,灵昇 592 核已做单精度对双精度对比。float 9.4311 ms，double 9.6257 ms，加速比 1.0206，max_abs 0。误差可判定：是；小于 1e-5：是；float 更快：是。算子 bench，作业 1799867，1024，592 核。,9.4311,9.6257,1.0206,0,是,是,是,已测
能做混合精度,319,402,Filtering/MathematicalMorphology,WhiteTopHatImageFilter,并行,24.9841,25.2117,22.7081,1.1103,0,是,灵昇 592 核已做单精度对双精度对比。float 40.9018 ms，double 58.8230 ms，加速比 1.4382，max_abs 0.00000000。误差可判定：是；小于 1e-5：是；float 更快：是。算子 bench，作业 1799867，1024，592 核。,40.9018,58.8230,1.4382,0.00000000,是,是,是,已测
能做混合精度,320,403,Filtering/Path,ChainCodeToFourierSeriesPathFilter,并行,0.1987,0.2076,0.2230,0.9309,0,否,灵昇 592 核已做单精度对双精度对比。float 0.2403 ms，double 0.2298 ms，加速比 0.9563，max_abs 0。误差可判定：是；小于 1e-5：是；float 更快：否。算子 bench，作业 1799867，1024，592 核。,0.2403,0.2298,0.9563,0,是,是,否,已测
能做混合精度,321,404,Filtering/Path,ContourExtractor2DImageFilter,并行,73.4345,70.7187,56.3191,1.2557,0,是,灵昇 592 核已做单精度对双精度对比。float 136.9034 ms，double 168.6611 ms，加速比 1.2320，max_abs 0。误差可判定：是；小于 1e-5：是；float 更快：是。算子 bench，作业 1799867，1024，592 核。,136.9034,168.6611,1.2320,0,是,是,是,已测
能做混合精度,322,405,Filtering/Path,ExtractOrthogonalSwath2DImageFilter,并行,0.8199,0.7912,0.2148,3.6834,0,是,灵昇 592 核已做单精度对双精度对比。float 0.4419 ms，double 8.6829 ms，加速比 19.6490，max_abs 0。误差可判定：是；小于 1e-5：是；float 更快：是。算子 bench，作业 1799867，1024，592 核。,0.4419,8.6829,19.6490,0,是,是,是,已测
能做混合精度,323,408,Filtering/Path,OrthogonalSwath2DPathFilter,并行,28.0549,29.9054,35.0621,0.8529,0,否,灵昇 592 核已做单精度对双精度对比。float 33.3044 ms，double 33.2787 ms，加速比 0.9992，max_abs 0。误差可判定：是；小于 1e-5：是；float 更快：否。算子 bench，作业 1799867，1024，592 核。,33.3044,33.2787,0.9992,0,是,是,否,已测
能做混合精度,324,410,Filtering/Path,PathToChainCodePathFilter,并行,0.0345,0.0349,0.0386,0.9041,0,否,灵昇 592 核已做单精度对双精度对比。float 0.0690 ms，double 0.0593 ms，加速比 0.8594，max_abs 0。误差可判定：是；小于 1e-5：是；float 更快：否。算子 bench，作业 1799867，1024，592 核。,0.0690,0.0593,0.8594,0,是,是,否,已测
能做混合精度,325,411,Filtering/Path,PathToImageFilter,并行,0.3149,0.3701,0.4098,0.9031,0,否,灵昇 592 核已做单精度对双精度对比。float 0.8676 ms，double 0.9832 ms，加速比 1.1332，max_abs 0。误差可判定：是；小于 1e-5：是；float 更快：是。算子 bench，作业 1799867，1024，592 核。,0.8676,0.9832,1.1332,0,是,是,是,已测
能做混合精度,326,413,Filtering/QuadEdgeMeshFiltering,BorderQuadEdgeMeshFilter,并行,1.0033,1.0832,1.0559,1.0259,0,是,灵昇 592 核已做单精度对双精度对比。float 2.8975 ms，double 2.9641 ms，加速比 1.0230，max_abs 0。误差可判定：是；小于 1e-5：是；float 更快：是。算子 bench，作业 1799867，1024，592 核。,2.8975,2.9641,1.0230,0,是,是,是,已测
能做混合精度,327,414,Filtering/QuadEdgeMeshFiltering,CleanQuadEdgeMeshFilter,并行,25.5600,25.3370,25.2899,1.0019,0,是,灵昇 592 核已做单精度对双精度对比。float 82.0696 ms，double 79.4581 ms，加速比 0.9682，max_abs 0。误差可判定：是；小于 1e-5：是；float 更快：否。算子 bench，作业 1799867，1024，592 核。,82.0696,79.4581,0.9682,0,是,是,否,已测
能做混合精度,328,416,Filtering/QuadEdgeMeshFiltering,DelaunayConformingQuadEdgeMeshFilter,并行,9.0572,8.3047,8.2345,1.0085,0,是,灵昇 592 核已做单精度对双精度对比。float 27.8147 ms，double 28.6729 ms，加速比 1.0309，max_abs 0。误差可判定：是；小于 1e-5：是；float 更快：是。算子 bench，作业 1799867，1024，592 核。,27.8147,28.6729,1.0309,0,是,是,是,已测
能做混合精度,329,418,Filtering/QuadEdgeMeshFiltering,DiscreteCurvatureTensorQuadEdgeMeshFilter,并行,,,,,,,灵昇 592 核已做单精度对双精度对比。float 1.4187 ms，double 1.3945 ms，加速比 0.9829，max_abs 0。误差可判定：是；小于 1e-5：是；float 更快：否。作业 1803421。ITK 源码 GenerateData 为空实现，Update 几乎不干活。,1.4187,1.3945,0.9829,0,是,是,否,已测
能做混合精度,330,419,Filtering/QuadEdgeMeshFiltering,DiscreteGaussianCurvatureQuadEdgeMeshFilter,并行,12.1184,12.4015,12.3714,1.0024,0,是,灵昇 592 核已做单精度对双精度对比。float 34.3402 ms，double 34.6637 ms，加速比 1.0094，max_abs 0。误差可判定：是；小于 1e-5：是；float 更快：是。算子 bench，作业 1799867，1024，592 核。,34.3402,34.6637,1.0094,0,是,是,是,已测
能做混合精度,331,420,Filtering/QuadEdgeMeshFiltering,DiscreteMaximumCurvatureQuadEdgeMeshFilter,并行,16.0282,16.2164,16.0679,1.0092,0,是,灵昇 592 核已做单精度对双精度对比。float 43.4980 ms，double 43.9011 ms，加速比 1.0093，max_abs 0。误差可判定：是；小于 1e-5：是；float 更快：是。算子 bench，作业 1799867，1024，592 核。,43.4980,43.9011,1.0093,0,是,是,是,已测
能做混合精度,332,421,Filtering/QuadEdgeMeshFiltering,DiscreteMeanCurvatureQuadEdgeMeshFilter,并行,17.3222,15.4410,15.2014,1.0158,0,是,灵昇 592 核已做单精度对双精度对比。float 41.8896 ms，double 42.2882 ms，加速比 1.0095，max_abs 0。误差可判定：是；小于 1e-5：是；float 更快：是。算子 bench，作业 1799867，1024，592 核。,41.8896,42.2882,1.0095,0,是,是,是,已测
能做混合精度,333,422,Filtering/QuadEdgeMeshFiltering,DiscreteMinimumCurvatureQuadEdgeMeshFilter,并行,16.2438,16.1716,15.9959,1.0110,0,是,灵昇 592 核已做单精度对双精度对比。float 44.2798 ms，double 41.8767 ms，加速比 0.9457，max_abs 0。误差可判定：是；小于 1e-5：是；float 更快：否。算子 bench，作业 1799867，1024，592 核。,44.2798,41.8767,0.9457,0,是,是,否,已测
能做混合精度,334,426,Filtering/QuadEdgeMeshFiltering,LaplacianDeformationQuadEdgeMeshFilterWithHardConstraints,并行,8.9160,8.8681,,,,,灵昇 592 核已做单精度对双精度对比。float 23.2626 ms，double 23.0654 ms，加速比 0.9915，max_abs 0。误差可判定：是；小于 1e-5：是；float 更快：否。算子 bench，作业 1799867，1024，592 核。,23.2626,23.0654,0.9915,0,是,是,否,已测
能做混合精度,335,427,Filtering/QuadEdgeMeshFiltering,LaplacianDeformationQuadEdgeMeshFilterWithSoftConstraints,并行,24.1013,24.1679,,,,,灵昇 592 核已做单精度对双精度对比。float 70.2938 ms，double 66.6338 ms，加速比 0.9479，max_abs 0。误差可判定：是；小于 1e-5：是；float 更快：否。算子 bench，作业 1799867，1024，592 核。,70.2938,66.6338,0.9479,0,是,是,否,已测
能做混合精度,336,428,Filtering/QuadEdgeMeshFiltering,NormalQuadEdgeMeshFilter,并行,4.5378,4.7291,4.5354,1.0427,0,是,灵昇 592 核已做单精度对双精度对比。float 12.9288 ms，double 12.7256 ms，加速比 0.9843，max_abs 0。误差可判定：是；小于 1e-5：是；float 更快：否。算子 bench，作业 1799867，1024，592 核。,12.9288,12.7256,0.9843,0,是,是,否,已测
能做混合精度,337,429,Filtering/QuadEdgeMeshFiltering,ParameterizationQuadEdgeMeshFilter,并行,1.9304,1.9451,,,,,灵昇 592 核已做单精度对双精度对比。float 5.2549 ms，double 5.0129 ms，加速比 0.9539，max_abs 0。误差可判定：是；小于 1e-5：是；float 更快：否。算子 bench，作业 1799867，1024，592 核。,5.2549,5.0129,0.9539,0,是,是,否,已测
能做混合精度,338,430,Filtering/QuadEdgeMeshFiltering,QuadricDecimationQuadEdgeMeshFilter,并行,58.3554,58.5225,58.5662,0.9993,0,否,灵昇 592 核已做单精度对双精度对比。float 128.2714 ms，double 128.4147 ms，加速比 1.0011，max_abs 0。误差可判定：是；小于 1e-5：是；float 更快：是。算子 bench，作业 1799867，1024，592 核。,128.2714,128.4147,1.0011,0,是,是,是,已测
能做混合精度,339,431,Filtering/QuadEdgeMeshFiltering,SmoothingQuadEdgeMeshFilter,并行,10.0758,10.1750,10.0713,1.0103,0,是,灵昇 592 核已做单精度对双精度对比。float 35.5484 ms，double 35.4992 ms，加速比 0.9986，max_abs 0。误差可判定：是；小于 1e-5：是；float 更快：否。算子 bench，作业 1799867，1024，592 核。,35.5484,35.4992,0.9986,0,是,是,否,已测
能做混合精度,340,432,Filtering/QuadEdgeMeshFiltering,SquaredEdgeLengthDecimationQuadEdgeMeshFilter,并行,6.6788,6.8344,6.9050,0.9898,0,否,灵昇 592 核已做单精度对双精度对比。float 17.8739 ms，double 17.8928 ms，加速比 1.0011，max_abs 0。误差可判定：是；小于 1e-5：是；float 更快：是。算子 bench，作业 1799867，1024，592 核。,17.8739,17.8928,1.0011,0,是,是,是,已测
能做混合精度,341,433,Filtering/Smoothing,BinomialBlurImageFilter,并行,76.1242,76.1965,141.2012,0.5396,0,否,灵昇 592 核已做单精度对双精度对比。float 131.2427 ms，double 160.9334 ms，加速比 1.2262，max_abs 0.00000000。误差可判定：是；小于 1e-5：是；float 更快：是。算子 bench，作业 1799867，1024，592 核。,131.2427,160.9334,1.2262,0.00000000,是,是,是,已测
能做混合精度,342,434,Filtering/Smoothing,BoxMeanImageFilter,并行,67.9386,67.7555,66.1530,1.0242,8e-06,是,"灵昇 592 核已做单精度对双精度对比。float 63.4679 ms，double 73.1032 ms，加速比 1.1518，max_abs 0.000008。误差可判定：是；小于 1e-5：是；float 更快：是。当前库复测，作业 1800229，累加开关打开，radius=15, runs=3。",63.4679,73.1032,1.1518,0.000008,是,是,是,已测
能做混合精度,343,435,Filtering/Smoothing,BoxSigmaImageFilter,并行,26.8307,3.4306,3.5230,0.9738,1.84e-06,否,灵昇 592 核已做单精度对双精度对比。float 11.4658 ms，double 20.0018 ms，加速比 1.7445，max_abs 0.00000184。误差可判定：是；小于 1e-5：是；float 更快：是。算子 bench，作业 1799867，1024，592 核。,11.4658,20.0018,1.7445,0.00000184,是,是,是,已测
能做混合精度,344,436,Filtering/Smoothing,DiscreteGaussianImageFilter,并行,55.1138,55.2674,55.9072,0.9886,0,否,"灵昇 592 核已做单精度对双精度对比。float 18.9865 ms，double 35.4388 ms，加速比 1.8665，max_abs 0.000013。误差可判定：是；小于 1e-5：否；float 更快：是。当前库复测，作业 1800229，累加开关打开，sigma=4, runs=3。",18.9865,35.4388,1.8665,0.000013,是,否,是,已测
能做混合精度,345,437,Filtering/Smoothing,FFTDiscreteGaussianImageFilter,并行,233.3683,218.5589,219.3950,0.9962,7.79e-06,否,灵昇 592 核已做单精度对双精度对比。float 641.6498 ms，double 657.3299 ms，加速比 1.0244，max_abs 0.00000779。误差可判定：是；小于 1e-5：是；float 更快：是。算子 bench，作业 1799867，1024，592 核。,641.6498,657.3299,1.0244,0.00000779,是,是,是,已测
能做混合精度,346,438,Filtering/Smoothing,MeanImageFilter,并行,3319.1798,3319.0833,3230.4377,1.0274,8e-06,是,"灵昇 592 核已做单精度对双精度对比。float 22.5230 ms，double 57.9409 ms，加速比 2.5725，max_abs 0.000008。误差可判定：是；小于 1e-5：是；float 更快：是。当前库复测，作业 1800229，累加开关打开，radius=15, runs=3。",22.5230,57.9409,2.5725,0.000008,是,是,是,已测
能做混合精度,347,439,Filtering/Smoothing,MedianImageFilter,并行,37.9949,38.0647,36.0729,1.0552,0,是,灵昇 592 核已做单精度对双精度对比。float 8.0778 ms，double 18.7894 ms，加速比 2.3261，max_abs 0.00000000。误差可判定：是；小于 1e-5：是；float 更快：是。算子 bench，作业 1799867，1024，592 核。,8.0778,18.7894,2.3261,0.00000000,是,是,是,已测
能做混合精度,348,440,Filtering/Smoothing,RecursiveGaussianImageFilter,并行,1.8598,1.7807,1.2020,1.4814,7.63e-06,是,灵昇 592 核已做单精度对双精度对比。float 8.8750 ms，double 20.5673 ms，加速比 2.3174，max_abs 0.00000763。误差可判定：是；小于 1e-5：是；float 更快：是。算子 bench，作业 1799867，1024，592 核。,8.8750,20.5673,2.3174,0.00000763,是,是,是,已测
能做混合精度,349,441,Filtering/Smoothing,SmoothingRecursiveGaussianImageFilter,并行,8.3547,14.3667,8.1083,1.7719,0,是,灵昇 592 核已做单精度对双精度对比。float 648.1212 ms，double 1982.3302 ms，加速比 3.0586，max_abs 0.00000000。误差可判定：是；小于 1e-5：是；float 更快：是。算子 bench，作业 1799867，1024，592 核。,648.1212,1982.3302,3.0586,0.00000000,是,是,是,已测
能做混合精度,350,442,Filtering/SpatialFunction,SpatialFunctionImageEvaluatorFilter,并行,0.0686,0.0725,0.0692,1.0477,0,是,灵昇 592 核已做单精度对双精度对比。float 0.1112 ms，double 0.1134 ms，加速比 1.0198，max_abs 0。误差可判定：是；小于 1e-5：是；float 更快：是。算子 bench，作业 1799867，1024，592 核。,0.1112,0.1134,1.0198,0,是,是,是,已测
能做混合精度,351,443,Filtering/Thresholding,BinaryThresholdImageFilter,并行,2.8296,2.8814,1.4290,2.0164,0,是,灵昇 592 核已做单精度对双精度对比。float 7.4313 ms，double 17.8721 ms，加速比 2.4050，max_abs 0.00000000。误差可判定：是；小于 1e-5：是；float 更快：是。算子 bench，作业 1799867，1024，592 核。,7.4313,17.8721,2.4050,0.00000000,是,是,是,已测
能做混合精度,352,444,Filtering/Thresholding,BinaryThresholdProjectionImageFilter,并行,1.8208,2.3780,,,,,灵昇 592 核已做单精度对双精度对比。float 9.0626 ms，double 18.9337 ms，加速比 2.0892，max_abs 0.00000000。误差可判定：是；小于 1e-5：是；float 更快：是。算子 bench，作业 1799867，1024，592 核。,9.0626,18.9337,2.0892,0.00000000,是,是,是,已测
能做混合精度,353,445,Filtering/Thresholding,HistogramThresholdImageFilter,并行,4.2703,3.6478,3.3851,1.0776,0,是,灵昇 592 核已做单精度对双精度对比。float 26.9941 ms，double 40.8663 ms，加速比 1.5139，max_abs 0.00000000。误差可判定：是；小于 1e-5：是；float 更快：是。算子 bench，作业 1799867，1024，592 核。,26.9941,40.8663,1.5139,0.00000000,是,是,是,已测
能做混合精度,354,446,Filtering/Thresholding,HuangThresholdImageFilter,并行,4.8864,5.5896,4.8936,1.1422,0,是,灵昇 592 核已做单精度对双精度对比。float 26.2161 ms，double 48.7965 ms，加速比 1.8613，max_abs 0.00000000。误差可判定：是；小于 1e-5：是；float 更快：是。算子 bench，作业 1799867，1024，592 核。,26.2161,48.7965,1.8613,0.00000000,是,是,是,已测
能做混合精度,355,447,Filtering/Thresholding,IntermodesThresholdImageFilter,并行,5.5272,4.5584,3.7032,1.2309,0,是,灵昇 592 核已做单精度对双精度对比。float 24.6150 ms，double 36.8513 ms，加速比 1.4971，max_abs 0.00000000。误差可判定：是；小于 1e-5：是；float 更快：是。算子 bench，作业 1799867，1024，592 核。,24.6150,36.8513,1.4971,0.00000000,是,是,是,已测
能做混合精度,356,448,Filtering/Thresholding,IsoDataThresholdImageFilter,并行,5.6067,4.6878,4.2271,1.1090,0,是,灵昇 592 核已做单精度对双精度对比。float 25.3673 ms，double 37.3288 ms，加速比 1.4715，max_abs 0.00000000。误差可判定：是；小于 1e-5：是；float 更快：是。算子 bench，作业 1799867，1024，592 核。,25.3673,37.3288,1.4715,0.00000000,是,是,是,已测
能做混合精度,357,449,Filtering/Thresholding,KappaSigmaThresholdImageFilter,并行,16.1574,15.6610,12.9218,1.2120,0,是,灵昇 592 核已做单精度对双精度对比。float 49.7379 ms，double 94.8087 ms，加速比 1.9062，max_abs 0.00000000。误差可判定：是；小于 1e-5：是；float 更快：是。算子 bench，作业 1799867，1024，592 核。,49.7379,94.8087,1.9062,0.00000000,是,是,是,已测
能做混合精度,358,450,Filtering/Thresholding,KittlerIllingworthThresholdImageFilter,并行,5.2910,5.6534,4.3431,1.3017,0,是,灵昇 592 核已做单精度对双精度对比。float 24.2760 ms，double 37.6775 ms，加速比 1.5520，max_abs 0.00000000。误差可判定：是；小于 1e-5：是；float 更快：是。算子 bench，作业 1799867，1024，592 核。,24.2760,37.6775,1.5520,0.00000000,是,是,是,已测
能做混合精度,359,451,Filtering/Thresholding,LiThresholdImageFilter,并行,6.3894,5.4802,4.3369,1.2636,0,是,灵昇 592 核已做单精度对双精度对比。float 24.5241 ms，double 38.7595 ms，加速比 1.5805，max_abs 0.00000000。误差可判定：是；小于 1e-5：是；float 更快：是。算子 bench，作业 1799867，1024，592 核。,24.5241,38.7595,1.5805,0.00000000,是,是,是,已测
能做混合精度,360,452,Filtering/Thresholding,MaximumEntropyThresholdImageFilter,并行,9.1983,8.0328,6.9789,1.1510,0,是,灵昇 592 核已做单精度对双精度对比。float 26.9540 ms，double 40.4248 ms，加速比 1.4998，max_abs 0.00000000。误差可判定：是；小于 1e-5：是；float 更快：是。算子 bench，作业 1799867，1024，592 核。,26.9540,40.4248,1.4998,0.00000000,是,是,是,已测
能做混合精度,361,453,Filtering/Thresholding,MomentsThresholdImageFilter,并行,5.6694,5.0893,4.2680,1.1924,0,是,灵昇 592 核已做单精度对双精度对比。float 24.2850 ms，double 38.0722 ms，加速比 1.5677，max_abs 0.00000000。误差可判定：是；小于 1e-5：是；float 更快：是。算子 bench，作业 1799867，1024，592 核。,24.2850,38.0722,1.5677,0.00000000,是,是,是,已测
能做混合精度,362,454,Filtering/Thresholding,OtsuMultipleThresholdsImageFilter,并行,58.5746,60.8047,56.8250,1.0700,0,是,灵昇 592 核已做单精度对双精度对比。float 133.2390 ms，double 172.8929 ms，加速比 1.2976，max_abs 0.00000000。误差可判定：是；小于 1e-5：是；float 更快：是。算子 bench，作业 1799867，1024，592 核。,133.2390,172.8929,1.2976,0.00000000,是,是,是,已测
能做混合精度,363,455,Filtering/Thresholding,OtsuThresholdImageFilter,并行,9.1425,9.6045,9.2667,1.0365,0,是,灵昇 592 核已做单精度对双精度对比。float 24.3005 ms，double 36.9622 ms，加速比 1.5210，max_abs 0.00000000。误差可判定：是；小于 1e-5：是；float 更快：是。算子 bench，作业 1799867，1024，592 核。,24.3005,36.9622,1.5210,0.00000000,是,是,是,已测
能做混合精度,364,456,Filtering/Thresholding,RenyiEntropyThresholdImageFilter,并行,9.9898,9.6019,8.7093,1.1025,0,是,灵昇 592 核已做单精度对双精度对比。float 28.6875 ms，double 42.7383 ms，加速比 1.4898，max_abs 0.00000000。误差可判定：是；小于 1e-5：是；float 更快：是。算子 bench，作业 1799867，1024，592 核。,28.6875,42.7383,1.4898,0.00000000,是,是,是,已测
能做混合精度,365,457,Filtering/Thresholding,ShanbhagThresholdImageFilter,并行,6.7547,7.3947,6.5518,1.1287,0,是,灵昇 592 核已做单精度对双精度对比。float 25.6424 ms，double 39.1602 ms，加速比 1.5272，max_abs 0.00000000。误差可判定：是；小于 1e-5：是；float 更快：是。算子 bench，作业 1799867，1024，592 核。,25.6424,39.1602,1.5272,0.00000000,是,是,是,已测
能做混合精度,366,458,Filtering/Thresholding,ThresholdImageFilter,并行,1.3303,1.5558,0.7402,2.1019,0,是,灵昇 592 核已做单精度对双精度对比。float 8.8152 ms，double 20.9739 ms，加速比 2.3793，max_abs 0.00000000。误差可判定：是；小于 1e-5：是；float 更快：是。算子 bench，作业 1799867，1024，592 核。,8.8152,20.9739,2.3793,0.00000000,是,是,是,已测
能做混合精度,367,459,Filtering/Thresholding,ThresholdLabelerImageFilter,并行,1.3429,1.6918,,,,,灵昇 592 核已做单精度对双精度对比。float 8.8734 ms，double 22.9290 ms，加速比 2.5840，max_abs 0.00000000。误差可判定：是；小于 1e-5：是；float 更快：是。算子 bench，作业 1799867，1024，592 核。,8.8734,22.9290,2.5840,0.00000000,是,是,是,已测
能做混合精度,368,460,Filtering/Thresholding,TriangleThresholdImageFilter,并行,5.3873,5.2616,4.1540,1.2666,0,是,灵昇 592 核已做单精度对双精度对比。float 24.3923 ms，double 39.2896 ms，加速比 1.6107，max_abs 0.00000000。误差可判定：是；小于 1e-5：是；float 更快：是。算子 bench，作业 1799867，1024，592 核。,24.3923,39.2896,1.6107,0.00000000,是,是,是,已测
能做混合精度,369,461,Filtering/Thresholding,YenThresholdImageFilter,并行,5.5005,4.9648,4.2388,1.1713,0,是,灵昇 592 核已做单精度对双精度对比。float 24.3923 ms，double 38.5529 ms，加速比 1.5805，max_abs 0.00000000。误差可判定：是；小于 1e-5：是；float 更快：是。算子 bench，作业 1799867，1024，592 核。,24.3923,38.5529,1.5805,0.00000000,是,是,是,已测
能做混合精度,370,462,Registration/Common,BlockMatchingImageFilter,并行,0.5773,0.7972,,,,,灵昇 592 核已做单精度对双精度对比。float 9.3957 ms，double 9.2730 ms，加速比 0.9869，max_abs 0。误差可判定：是；小于 1e-5：是；float 更快：否。算子 bench，作业 1799867，1024，592 核。,9.3957,9.2730,0.9869,0,是,是,否,已测
能做混合精度,371,464,Registration/Common,CorrelationCoefficientHistogramImageToImageMetric,并行,192.7716,188.0596,183.7910,1.0232,0,是,灵昇 592 核已做单精度对双精度对比。float 3028.7069 ms，double 451.8610 ms，加速比 0.1492，max_abs 0。误差可判定：是；小于 1e-5：是；float 更快：否。算子 bench，作业 1799867，1024，592 核。,3028.7069,451.8610,0.1492,0,是,是,否,已测
能做混合精度,372,465,Registration/Common,EuclideanDistancePointMetric,并行,3427.3526,3427.9871,3404.8810,1.0068,0,是,灵昇 592 核已做单精度对双精度对比。float 3444.3746 ms，double 3445.7992 ms，加速比 1.0004，max_abs 0。误差可判定：是；小于 1e-5：是；float 更快：是。算子 bench，作业 1799867，1024，592 核。,3444.3746,3445.7992,1.0004,0,是,是,是,已测
能做混合精度,373,466,Registration/Common,GradientDifferenceImageToImageMetric,并行,108.0764,106.3939,101.8540,1.0446,0,是,灵昇 592 核已做单精度对双精度对比。float 2914.1278 ms，double 4233.7450 ms，加速比 1.4528，max_abs 0。误差可判定：是；小于 1e-5：是；float 更快：是。算子 bench，作业 1799867，1024，592 核。,2914.1278,4233.7450,1.4528,0,是,是,是,已测
能做混合精度,374,468,Registration/Common,ImageRegistrationMethod,并行,106.0955,116.7234,108.6244,1.0746,0,是,灵昇 592 核已做单精度对双精度对比。float 347.7772 ms，double 298.0812 ms，加速比 0.8571，max_abs 0。误差可判定：是；小于 1e-5：是；float 更快：否。算子 bench，作业 1799867，1024，592 核。,347.7772,298.0812,0.8571,0,是,是,否,已测
能做混合精度,375,471,Registration/Common,ImageToSpatialObjectRegistrationMethod,并行,1.2218,1.2299,1.2346,0.9962,0,否,灵昇 592 核已做单精度对双精度对比。float 3.8127 ms，double 3.3018 ms，加速比 0.8660，max_abs 0。误差可判定：是；小于 1e-5：是；float 更快：否。算子 bench，作业 1799867，1024，592 核。,3.8127,3.3018,0.8660,0,是,是,否,已测
能做混合精度,376,472,Registration/Common,KappaStatisticImageToImageMetric,并行,67.1646,64.3513,62.1636,1.0352,0,是,灵昇 592 核已做单精度对双精度对比。float 205.0903 ms，double 227.5513 ms，加速比 1.1095，max_abs 0。误差可判定：是；小于 1e-5：是；float 更快：是。算子 bench，作业 1799867，1024，592 核。,205.0903,227.5513,1.1095,0,是,是,是,已测
能做混合精度,377,473,Registration/Common,KullbackLeiblerCompareHistogramImageToImageMetric,并行,338.9722,341.6862,333.7318,1.0238,0,是,灵昇 592 核已做单精度对双精度对比。float 2878.2035 ms，double 781.7674 ms，加速比 0.2716，max_abs 0。误差可判定：是；小于 1e-5：是；float 更快：否。算子 bench，作业 1799867，1024，592 核。,2878.2035,781.7674,0.2716,0,是,是,否,已测
能做混合精度,378,474,Registration/Common,MatchCardinalityImageToImageMetric,并行,1.3339,1.4106,1.3573,1.0393,0,是,灵昇 592 核已做单精度对双精度对比。float 9.3484 ms，double 9.9536 ms，加速比 1.0647，max_abs 0。误差可判定：是；小于 1e-5：是；float 更快：是。算子 bench，作业 1799867，1024，592 核。,9.3484,9.9536,1.0647,0,是,是,是,已测
能做混合精度,379,475,Registration/Common,MattesMutualInformationImageToImageMetric,并行,14.2236,14.1810,14.1676,1.0009,0,是,灵昇 592 核已做单精度对双精度对比。float 77.0138 ms，double 91.5868 ms，加速比 1.1892，max_abs 0。误差可判定：是；小于 1e-5：是；float 更快：是。算子 bench，作业 1799867，1024，592 核。,77.0138,91.5868,1.1892,0,是,是,是,已测
能做混合精度,380,476,Registration/Common,MeanReciprocalSquareDifferenceImageToImageMetric,并行,71.4973,85.7026,77.1001,1.1116,0,是,灵昇 592 核已做单精度对双精度对比。float 2063.1428 ms，double 151.2955 ms，加速比 0.0733，max_abs 0。误差可判定：是；小于 1e-5：是；float 更快：否。算子 bench，作业 1799867，1024，592 核。,2063.1428,151.2955,0.0733,0,是,是,否,已测
能做混合精度,381,477,Registration/Common,MeanReciprocalSquareDifferencePointSetToImageMetric,并行,29.0326,30.9671,32.2853,0.9592,0,否,灵昇 592 核已做单精度对双精度对比。float 1333.3539 ms，double 94.8270 ms，加速比 0.0711，max_abs 0。误差可判定：是；小于 1e-5：是；float 更快：否。算子 bench，作业 1799867，1024，592 核。,1333.3539,94.8270,0.0711,0,是,是,否,已测
能做混合精度,382,478,Registration/Common,MeanSquaresHistogramImageToImageMetric,并行,194.2404,191.0076,184.7380,1.0339,0,是,灵昇 592 核已做单精度对双精度对比。float 1685.2272 ms，double 449.5485 ms，加速比 0.2668，max_abs 0。误差可判定：是；小于 1e-5：是；float 更快：否。算子 bench，作业 1799867，1024，592 核。,1685.2272,449.5485,0.2668,0,是,是,否,已测
能做混合精度,383,479,Registration/Common,MeanSquaresImageToImageMetric,并行,46.9926,46.6431,46.9245,0.9940,0,否,灵昇 592 核已做单精度对双精度对比。float 803.9038 ms，double 182.8998 ms，加速比 0.2275，max_abs 0。误差可判定：是；小于 1e-5：是；float 更快：否。算子 bench，作业 1799867，1024，592 核。,803.9038,182.8998,0.2275,0,是,是,否,已测
能做混合精度,384,480,Registration/Common,MeanSquaresPointSetToImageMetric,并行,29.1058,30.7094,31.6263,0.9710,0,否,灵昇 592 核已做单精度对双精度对比。float 1999.7983 ms，double 93.0553 ms，加速比 0.0465，max_abs 0。误差可判定：是；小于 1e-5：是；float 更快：否。算子 bench，作业 1799867，1024，592 核。,1999.7983,93.0553,0.0465,0,是,是,否,已测
能做混合精度,385,481,Registration/Common,MultiResolutionImageRegistrationMethod,并行,,,,,,,灵昇 592 核已做单精度对双精度对比。float 222.3121 ms，double 234.6133 ms，加速比 1.0553，max_abs 0。误差可判定：是；小于 1e-5：是；float 更快：是。作业 1803421，128 图，2 层，8 次迭代。,222.3121,234.6133,1.0553,0,是,是,是,已测
能做混合精度,386,482,Registration/Common,MultiResolutionPyramidImageFilter,并行,11.2462,11.4098,9.4574,1.2064,1.883e-05,是,灵昇 592 核已做单精度对双精度对比。float 69.4316 ms，double 84.3880 ms，加速比 1.2154，max_abs 0.00001883。误差可判定：是；小于 1e-5：否；float 更快：是。算子 bench，作业 1799867，1024，592 核。,69.4316,84.3880,1.2154,0.00001883,是,否,是,已测
能做混合精度,387,483,Registration/Common,MutualInformationHistogramImageToImageMetric,并行,189.1678,196.8784,187.6865,1.0490,0,是,灵昇 592 核已做单精度对双精度对比。float 3026.7212 ms，double 454.5267 ms，加速比 0.1502，max_abs 0。误差可判定：是；小于 1e-5：是；float 更快：否。算子 bench，作业 1799867，1024，592 核。,3026.7212,454.5267,0.1502,0,是,是,否,已测
能做混合精度,388,484,Registration/Common,MutualInformationImageToImageMetric,并行,34592.2475,34500.7013,34507.2309,0.9998,0,否,灵昇 592 核已做单精度对双精度对比。float 24936.0921 ms，double 24956.3895 ms，加速比 1.0008，max_abs 0。误差可判定：是；小于 1e-5：是；float 更快：是。算子 bench，作业 1799867，1024，592 核。,24936.0921,24956.3895,1.0008,0,是,是,是,已测
能做混合精度,389,485,Registration/Common,NormalizedCorrelationImageToImageMetric,并行,70.4799,68.2694,67.9313,1.0050,0,是,灵昇 592 核已做单精度对双精度对比。float 1397.5041 ms，double 150.1957 ms，加速比 0.1075，max_abs 0。误差可判定：是；小于 1e-5：是；float 更快：否。算子 bench，作业 1799867，1024，592 核。,1397.5041,150.1957,0.1075,0,是,是,否,已测
能做混合精度,390,486,Registration/Common,NormalizedCorrelationPointSetToImageMetric,并行,27.4231,32.2299,32.4193,0.9942,0,否,灵昇 592 核已做单精度对双精度对比。float 1356.4500 ms，double 87.5187 ms，加速比 0.0645，max_abs 0。误差可判定：是；小于 1e-5：是；float 更快：否。算子 bench，作业 1799867，1024，592 核。,1356.4500,87.5187,0.0645,0,是,是,否,已测
能做混合精度,391,487,Registration/Common,NormalizedMutualInformationHistogramImageToImageMetric,并行,191.6756,192.8726,186.6004,1.0336,0,是,灵昇 592 核已做单精度对双精度对比。float 2964.8902 ms，double 447.7036 ms，加速比 0.1510，max_abs 0。误差可判定：是；小于 1e-5：是；float 更快：否。算子 bench，作业 1799867，1024，592 核。,2964.8902,447.7036,0.1510,0,是,是,否,已测
能做混合精度,392,489,Registration/Common,PointSetToImageRegistrationMethod,并行,29.5949,32.9916,31.8833,1.0348,0,是,灵昇 592 核已做单精度对双精度对比。float 1989.2741 ms，double 96.9736 ms，加速比 0.0487，max_abs 0。误差可判定：是；小于 1e-5：是；float 更快：否。算子 bench，作业 1799867，1024，592 核。,1989.2741,96.9736,0.0487,0,是,是,否,已测
能做混合精度,393,491,Registration/Common,PointSetToPointSetRegistrationMethod,并行,125.0876,125.0744,123.8677,1.0097,0,是,灵昇 592 核已做单精度对双精度对比。float 130.9153 ms，double 131.5314 ms，加速比 1.0047，max_abs 0。误差可判定：是；小于 1e-5：是；float 更快：是。算子 bench，作业 1799867，1024，592 核。,130.9153,131.5314,1.0047,0,是,是,是,已测
能做混合精度,394,492,Registration/Common,RecursiveMultiResolutionPyramidImageFilter,并行,4.8532,6.6497,4.4552,1.4926,1.498e-05,是,灵昇 592 核已做单精度对双精度对比。float 40.6553 ms，double 57.3018 ms，加速比 1.4095，max_abs 0.00001498。误差可判定：是；小于 1e-5：否；float 更快：是。算子 bench，作业 1799867，1024，592 核。,40.6553,57.3018,1.4095,0.00001498,是,否,是,已测
能做混合精度,395,497,Registration/Metricsv4,ANTSNeighborhoodCorrelationImageToImageMetricv4,并行,42.5761,46.9349,55.0771,0.8522,0,否,灵昇 592 核已做单精度对双精度对比。float 1422.0842 ms，double 99.6296 ms，加速比 0.0701，max_abs 0。误差可判定：是；小于 1e-5：是；float 更快：否。算子 bench，作业 1799867，1024，592 核。,1422.0842,99.6296,0.0701,0,是,是,否,已测
能做混合精度,396,498,Registration/Metricsv4,CorrelationImageToImageMetricv4,并行,34.4832,36.1614,36.3996,0.9935,0,否,灵昇 592 核已做单精度对双精度对比。float 788.8065 ms，double 1154.4573 ms，加速比 1.4635，max_abs 0。误差可判定：是；小于 1e-5：是；float 更快：是。算子 bench，作业 1799867，1024，592 核。,788.8065,1154.4573,1.4635,0,是,是,是,已测
能做混合精度,397,499,Registration/Metricsv4,DemonsImageToImageMetricv4,并行,45.5721,49.3160,45.1266,1.0928,0,是,灵昇 592 核已做单精度对双精度对比。float 1365.4372 ms，double 112.7249 ms，加速比 0.0826，max_abs 0。误差可判定：是；小于 1e-5：是；float 更快：否。算子 bench，作业 1799867，1024，592 核。,1365.4372,112.7249,0.0826,0,是,是,否,已测
能做混合精度,398,500,Registration/Metricsv4,EuclideanDistancePointSetToPointSetMetricv4,并行,23.0980,22.0539,19.7300,1.1178,0,是,灵昇 592 核已做单精度对双精度对比。float 39.7069 ms，double 40.5640 ms，加速比 1.0216，max_abs 0。误差可判定：是；小于 1e-5：是；float 更快：是。算子 bench，作业 1799867，1024，592 核。,39.7069,40.5640,1.0216,0,是,是,是,已测
能做混合精度,399,501,Registration/Metricsv4,ExpectationBasedPointSetToPointSetMetricv4,并行,1.9674,1.6145,1.6432,0.9825,0,否,灵昇 592 核已做单精度对双精度对比。float 10.4755 ms，double 10.4693 ms，加速比 0.9994，max_abs 0。误差可判定：是；小于 1e-5：是；float 更快：否。算子 bench，作业 1799867，1024，592 核。,10.4755,10.4693,0.9994,0,是,是,否,已测
能做混合精度,400,503,Registration/Metricsv4,JensenHavrdaCharvatTsallisPointSetToPointSetMetricv4,并行,3.5143,4.4774,4.3303,1.0340,0,是,灵昇 592 核已做单精度对双精度对比。float 32.4604 ms，double 32.8881 ms，加速比 1.0132，max_abs 0。误差可判定：是；小于 1e-5：是；float 更快：是。算子 bench，作业 1799867，1024，592 核。,32.4604,32.8881,1.0132,0,是,是,是,已测
能做混合精度,401,504,Registration/Metricsv4,JointHistogramMutualInformationImageToImageMetricv4,并行,52.0341,55.9281,61.0904,0.9155,0,否,灵昇 592 核已做单精度对双精度对比。float 830.3902 ms，double 221.4213 ms，加速比 0.2666，max_abs 0。误差可判定：是；小于 1e-5：是；float 更快：否。算子 bench，作业 1799867，1024，592 核。,830.3902,221.4213,0.2666,0,是,是,否,已测
能做混合精度,402,505,Registration/Metricsv4,LabeledPointSetToPointSetMetricv4,并行,0.1797,0.1803,,,,,灵昇 592 核已做单精度对双精度对比。float 0.3602 ms，double 2.3471 ms，加速比 6.5161，max_abs 0。误差可判定：是；小于 1e-5：是；float 更快：是。算子 bench，作业 1799867，1024，592 核。,0.3602,2.3471,6.5161,0,是,是,是,已测
能做混合精度,403,506,Registration/Metricsv4,MattesMutualInformationImageToImageMetricv4,并行,48.2161,50.7363,51.8108,0.9793,0,否,灵昇 592 核已做单精度对双精度对比。float 157.0261 ms，double 162.8340 ms，加速比 1.0370，max_abs 0。误差可判定：是；小于 1e-5：是；float 更快：是。算子 bench，作业 1799867，1024，592 核。,157.0261,162.8340,1.0370,0,是,是,是,已测
能做混合精度,404,507,Registration/Metricsv4,MeanSquaresImageToImageMetricv4,并行,31.6676,34.2401,35.7390,0.9581,0,否,灵昇 592 核已做单精度对双精度对比。float 2662.8567 ms，double 99.3655 ms，加速比 0.0373，max_abs 0。误差可判定：是；小于 1e-5：是；float 更快：否。算子 bench，作业 1799867，1024，592 核。,2662.8567,99.3655,0.0373,0,是,是,否,已测
能做混合精度,405,508,Registration/Metricsv4,ObjectToObjectMultiMetricv4,并行,73.9158,63.3652,68.6992,0.9224,0,否,灵昇 592 核已做单精度对双精度对比。float 4911.9207 ms，double 8092.1017 ms，加速比 1.6474，max_abs 0。误差可判定：是；小于 1e-5：是；float 更快：是。算子 bench，作业 1799867，1024，592 核。,4911.9207,8092.1017,1.6474,0,是,是,是,已测
能做混合精度,406,512,Registration/PDEDeformable,DemonsRegistrationFilter,并行,79.5190,118.9544,76.9897,1.5451,0,是,灵昇 592 核已做单精度对双精度对比。float 164.4006 ms，double 192.0458 ms，加速比 1.1682，max_abs 0.00000000。误差可判定：是；小于 1e-5：是；float 更快：是。算子 bench，作业 1799867，1024，592 核。,164.4006,192.0458,1.1682,0.00000000,是,是,是,已测
能做混合精度,407,513,Registration/PDEDeformable,DiffeomorphicDemonsRegistrationFilter,并行,198.8528,113.4916,80.0573,1.4176,0,是,灵昇 592 核已做单精度对双精度对比。float 390.3208 ms，double 430.1970 ms，加速比 1.1022，max_abs 0。误差可判定：是；小于 1e-5：是；float 更快：是。算子 bench，作业 1799867，1024，592 核。,390.3208,430.1970,1.1022,0,是,是,是,已测
能做混合精度,408,514,Registration/PDEDeformable,FastSymmetricForcesDemonsRegistrationFilter,并行,106.7734,74.6835,117.5230,0.6355,0,否,灵昇 592 核已做单精度对双精度对比。float 203.3162 ms，double 241.7921 ms，加速比 1.1892，max_abs 0.00000000。误差可判定：是；小于 1e-5：是；float 更快：是。算子 bench，作业 1799867，1024，592 核。,203.3162,241.7921,1.1892,0.00000000,是,是,是,已测
能做混合精度,409,515,Registration/PDEDeformable,LevelSetMotionRegistrationFilter,并行,47.6376,79.0054,32.5031,2.4307,0,是,灵昇 592 核已做单精度对双精度对比。float 168.1427 ms，double 202.9626 ms，加速比 1.2071，max_abs 0。误差可判定：是；小于 1e-5：是；float 更快：是。算子 bench，作业 1799867，1024，592 核。,168.1427,202.9626,1.2071,0,是,是,是,已测
能做混合精度,410,517,Registration/PDEDeformable,SymmetricForcesDemonsRegistrationFilter,并行,42.5871,45.7087,34.9831,1.3066,0,是,灵昇 592 核已做单精度对双精度对比。float 226.6369 ms，double 264.3947 ms，加速比 1.1666，max_abs 0.00000000。误差可判定：是；小于 1e-5：是；float 更快：是。算子 bench，作业 1799867，1024，592 核。,226.6369,264.3947,1.1666,0.00000000,是,是,是,已测
能做混合精度,411,519,Registration/RegistrationMethodsv4,ImageRegistrationMethodv4,并行,5430.1098,5204.6661,5752.2098,0.9048,,否,灵昇 592 核已做单精度对双精度对比。float 55.9120 ms，double 61.3057 ms，加速比 1.0965，max_abs 0。误差可判定：是；小于 1e-5：是；float 更快：是。作业 1803421，128 图，8 次迭代。对比 float/double 图像存储，max_abs 按度量差记 0。,55.9120,61.3057,1.0965,0,是,是,是,已测
能做混合精度,412,520,Registration/RegistrationMethodsv4,SyNImageRegistrationMethod,并行,,,,,,,灵昇 592 核已做单精度对双精度对比。float 73.8011 ms，double 72.0185 ms，加速比 0.9758，max_abs 0。误差可判定：是；小于 1e-5：是；float 更快：否。作业 1803421，64 图，2 次迭代。,73.8011,72.0185,0.9758,0,是,是,否,已测
能做混合精度,413,522,Registration/RegistrationMethodsv4,TimeVaryingVelocityFieldImageRegistrationMethodv4,并行,,,,,,,灵昇 592 核已做单精度对双精度对比。float 79.5106 ms，double 63.3731 ms，加速比 0.7970，max_abs 0。误差可判定：是；小于 1e-5：是；float 更快：否。作业 1803421，32 图，2 次迭代。,79.5106,63.3731,0.7970,0,是,是,否,已测
能做混合精度,414,523,Segmentation/Classifiers,BayesianClassifierImageFilter,并行,17.1278,5.7228,,,,,灵昇 592 核已做单精度对双精度对比。float 12.9299 ms，double 12.6031 ms，加速比 0.9747，max_abs 0。误差可判定：是；小于 1e-5：是；float 更快：否。算子 bench，作业 1799867，1024，592 核。,12.9299,12.6031,0.9747,0,是,是,否,已测
能做混合精度,415,524,Segmentation/Classifiers,BayesianClassifierInitializationImageFilter,并行,2864.1091,2815.3770,,,,,灵昇 592 核已做单精度对双精度对比。float 5154.8585 ms，double 6441.5151 ms，加速比 1.2496，max_abs 0。误差可判定：是；小于 1e-5：是；float 更快：是。算子 bench，作业 1799867，1024，592 核。,5154.8585,6441.5151,1.2496,0,是,是,是,已测
能做混合精度,416,525,Segmentation/Classifiers,ScalarImageKmeansImageFilter,并行,2421.7356,2450.0495,,,,,灵昇 592 核已做单精度对双精度对比。float 4382.6583 ms，double 5363.9316 ms，加速比 1.2239，max_abs 0.00000000。误差可判定：是；小于 1e-5：是；float 更快：是。算子 bench，作业 1799867，1024，592 核。,4382.6583,5363.9316,1.2239,0.00000000,是,是,是,已测
能做混合精度,417,527,Segmentation/ConnectedComponents,ConnectedComponentImageFilter,并行,4.7570,5.9843,,,,,灵昇 592 核已做单精度对双精度对比。float 45.0717 ms，double 44.9351 ms，加速比 0.9970，max_abs 0.00000000。误差可判定：是；小于 1e-5：是；float 更快：否。算子 bench，作业 1799867，1024，592 核。,45.0717,44.9351,0.9970,0.00000000,是,是,否,已测
能做混合精度,418,528,Segmentation/ConnectedComponents,HardConnectedComponentImageFilter,并行,16.5125,16.8950,,,,,灵昇 592 核已做单精度对双精度对比。float 39.9148 ms，double 44.2998 ms，加速比 1.1099，max_abs 0.00000000。误差可判定：是；小于 1e-5：是；float 更快：是。算子 bench，作业 1799867，1024，592 核。,39.9148,44.2998,1.1099,0.00000000,是,是,是,已测
能做混合精度,419,529,Segmentation/ConnectedComponents,RelabelComponentImageFilter,并行,1.4262,1.0611,,,,,灵昇 592 核已做单精度对双精度对比。float 16.8299 ms，double 16.8445 ms，加速比 1.0009，max_abs 0.00000000。误差可判定：是；小于 1e-5：是；float 更快：是。算子 bench，作业 1799867，1024，592 核。,16.8299,16.8445,1.0009,0.00000000,是,是,是,已测
能做混合精度,420,530,Segmentation/ConnectedComponents,ScalarConnectedComponentImageFilter,并行,728.0817,717.5259,,,,,灵昇 592 核已做单精度对双精度对比。float 2651.5130 ms，double 2711.3520 ms，加速比 1.0226，max_abs 0.00000000。误差可判定：是；小于 1e-5：是；float 更快：是。算子 bench，作业 1799867，1024，592 核。,2651.5130,2711.3520,1.0226,0.00000000,是,是,是,已测
能做混合精度,421,531,Segmentation/ConnectedComponents,ThresholdMaximumConnectedComponentsImageFilter,并行,164.6934,162.9058,,,,,灵昇 592 核已做单精度对双精度对比。float 1248.4535 ms，double 1268.2009 ms，加速比 1.0158，max_abs 0.00000000。误差可判定：是；小于 1e-5：是；float 更快：是。算子 bench，作业 1799867，1024，592 核。,1248.4535,1268.2009,1.0158,0.00000000,是,是,是,已测
能做混合精度,422,532,Segmentation/ConnectedComponents,VectorConnectedComponentImageFilter,并行,0.0778,0.0785,,,,,灵昇 592 核已做单精度对双精度对比。float 0.2108 ms，double 0.1897 ms，加速比 0.8999，max_abs 0。误差可判定：是；小于 1e-5：是；float 更快：否。算子 bench，作业 1799867，1024，592 核。,0.2108,0.1897,0.8999,0,是,是,否,已测
能做混合精度,423,533,Segmentation/DeformableMesh,DeformableSimplexMesh3DBalloonForceFilter,并行,5.9027,5.8593,5.9246,0.9890,0,否,灵昇 592 核已做单精度对双精度对比。float 20.7756 ms，double 22.9768 ms，加速比 1.1060，max_abs 0。误差可判定：是；小于 1e-5：是；float 更快：是。算子 bench，作业 1799867，1024，592 核。,20.7756,22.9768,1.1060,0,是,是,是,已测
能做混合精度,424,534,Segmentation/DeformableMesh,DeformableSimplexMesh3DFilter,并行,9.1099,9.1631,9.1765,0.9985,0,否,灵昇 592 核已做单精度对双精度对比。float 63.5780 ms，double 62.5379 ms，加速比 0.9836，max_abs 0。误差可判定：是；小于 1e-5：是；float 更快：否。算子 bench，作业 1799867，1024，592 核。,63.5780,62.5379,0.9836,0,是,是,否,已测
能做混合精度,425,535,Segmentation/DeformableMesh,DeformableSimplexMesh3DGradientConstraintForceFilter,并行,6.0470,5.9962,6.0500,0.9911,0,否,灵昇 592 核已做单精度对双精度对比。float 18.3695 ms，double 20.0720 ms，加速比 1.0927，max_abs 0。误差可判定：是；小于 1e-5：是；float 更快：是。算子 bench，作业 1799867，1024，592 核。,18.3695,20.0720,1.0927,0,是,是,是,已测
能做混合精度,426,536,Segmentation/KLMRegionGrowing,KLMRegionGrowImageFilter,并行,0.8633,0.8710,,,,,灵昇 592 核已做单精度对双精度对比。float 1.4254 ms，double 1.4130 ms，加速比 0.9913，max_abs 0。误差可判定：是；小于 1e-5：是；float 更快：否。算子 bench，作业 1799867，1024，592 核。,1.4254,1.4130,0.9913,0,是,是,否,已测
能做混合精度,427,538,Segmentation/LabelVoting,BinaryMedianImageFilter,并行,1.3672,1.0846,1.2274,0.8837,0,否,灵昇 592 核已做单精度对双精度对比。float 8.5734 ms，double 8.6852 ms，加速比 1.0130，max_abs 0.00000000。误差可判定：是；小于 1e-5：是；float 更快：是。算子 bench，作业 1799867，1024，592 核。,8.5734,8.6852,1.0130,0.00000000,是,是,是,已测
能做混合精度,428,539,Segmentation/LabelVoting,LabelVotingImageFilter,并行,8.1165,13.7589,,,,,灵昇 592 核已做单精度对双精度对比。float 59.6722 ms，double 59.2538 ms，加速比 0.9930，max_abs 0.00000000。误差可判定：是；小于 1e-5：是；float 更快：否。算子 bench，作业 1799867，1024，592 核。,59.6722,59.2538,0.9930,0.00000000,是,是,否,已测
能做混合精度,429,540,Segmentation/LabelVoting,MultiLabelSTAPLEImageFilter,并行,113.2414,112.8622,,,,,灵昇 592 核已做单精度对双精度对比。float 394.0115 ms，double 217.3532 ms，加速比 0.5516，max_abs 0。误差可判定：是；小于 1e-5：是；float 更快：否。算子 bench，作业 1799867，1024，592 核。,394.0115,217.3532,0.5516,0,是,是,否,已测
能做混合精度,430,541,Segmentation/LabelVoting,VotingBinaryHoleFillingImageFilter,并行,1.1820,1.2228,1.0778,1.1345,0,是,灵昇 592 核已做单精度对双精度对比。float 7.8343 ms，double 7.7510 ms，加速比 0.9894，max_abs 0.00000000。误差可判定：是；小于 1e-5：是；float 更快：否。算子 bench，作业 1799867，1024，592 核。,7.8343,7.7510,0.9894,0.00000000,是,是,否,已测
能做混合精度,431,542,Segmentation/LabelVoting,VotingBinaryImageFilter,并行,1.5683,1.3979,1.2182,1.1475,0,是,灵昇 592 核已做单精度对双精度对比。float 9.1785 ms，double 9.2185 ms，加速比 1.0044，max_abs 0.00000000。误差可判定：是；小于 1e-5：是；float 更快：是。算子 bench，作业 1799867，1024，592 核。,9.1785,9.2185,1.0044,0.00000000,是,是,是,已测
能做混合精度,432,543,Segmentation/LabelVoting,VotingBinaryIterativeHoleFillingImageFilter,并行,2.3702,2.3358,2.2812,1.0239,0,是,灵昇 592 核已做单精度对双精度对比。float 20.6600 ms，double 19.0256 ms，加速比 0.9209，max_abs 0.00000000。误差可判定：是；小于 1e-5：是；float 更快：否。算子 bench，作业 1799867，1024，592 核。,20.6600,19.0256,0.9209,0.00000000,是,是,否,已测
能做混合精度,433,544,Segmentation/LevelSets,AnisotropicFourthOrderLevelSetImageFilter,并行,1688.7656,1734.0913,1705.6860,1.0167,0,是,灵昇 592 核已做单精度对双精度对比。float 8714.2455 ms，double 8848.1583 ms，加速比 1.0154，max_abs 0。误差可判定：是；小于 1e-5：是；float 更快：是。算子 bench，作业 1799867，1024，592 核。,8714.2455,8848.1583,1.0154,0,是,是,是,已测
能做混合精度,434,545,Segmentation/LevelSets,BinaryMaskToNarrowBandPointSetFilter,并行,63.5287,65.0272,67.4743,0.9637,0,否,灵昇 592 核已做单精度对双精度对比。float 165.3743 ms，double 169.1982 ms，加速比 1.0231，max_abs 0。误差可判定：是；小于 1e-5：是；float 更快：是。算子 bench，作业 1799867，1024，592 核。,165.3743,169.1982,1.0231,0,是,是,是,已测
能做混合精度,435,546,Segmentation/LevelSets,CannySegmentationLevelSetImageFilter,并行,403.2546,402.0483,403.2276,0.9971,0,否,灵昇 592 核已做单精度对双精度对比。float 1354.2689 ms，double 1388.2924 ms，加速比 1.0251，max_abs 0。误差可判定：是；小于 1e-5：是；float 更快：是。算子 bench，作业 1799867，1024，592 核。,1354.2689,1388.2924,1.0251,0,是,是,是,已测
能做混合精度,436,547,Segmentation/LevelSets,CollidingFrontsImageFilter,并行,1520.5878,1572.0710,1501.1286,1.0473,0,是,灵昇 592 核已做单精度对双精度对比。float 4047.9856 ms，double 4234.7684 ms，加速比 1.0461，max_abs 0。误差可判定：是；小于 1e-5：是；float 更快：是。算子 bench，作业 1799867，1024，592 核。,4047.9856,4234.7684,1.0461,0,是,是,是,已测
能做混合精度,437,548,Segmentation/LevelSets,CurvesLevelSetImageFilter,并行,102.3871,89.3531,86.9876,1.0272,0,是,灵昇 592 核已做单精度对双精度对比。float 275.1857 ms，double 279.3746 ms，加速比 1.0152，max_abs 0。误差可判定：是；小于 1e-5：是；float 更快：是。算子 bench，作业 1799867，1024，592 核。,275.1857,279.3746,1.0152,0,是,是,是,已测
能做混合精度,438,549,Segmentation/LevelSets,ExtensionVelocitiesImageFilter,并行,583.6932,589.7724,564.7741,1.0443,0,是,灵昇 592 核已做单精度对双精度对比。float 1438.7623 ms，double 1538.9544 ms，加速比 1.0696，max_abs 0。误差可判定：是；小于 1e-5：是；float 更快：是。算子 bench，作业 1799867，1024，592 核。,1438.7623,1538.9544,1.0696,0,是,是,是,已测
能做混合精度,439,550,Segmentation/LevelSets,GeodesicActiveContourLevelSetImageFilter,并行,102.2348,89.0886,88.0869,1.0114,0,是,灵昇 592 核已做单精度对双精度对比。float 274.2113 ms，double 277.2320 ms，加速比 1.0110，max_abs 0。误差可判定：是；小于 1e-5：是；float 更快：是。算子 bench，作业 1799867，1024，592 核。,274.2113,277.2320,1.0110,0,是,是,是,已测
能做混合精度,440,551,Segmentation/LevelSets,GeodesicActiveContourShapePriorLevelSetImageFilter,并行,4.6524,4.7120,4.5554,1.0344,0,是,灵昇 592 核已做单精度对双精度对比。float 20.5099 ms，double 16.4425 ms，加速比 0.8017，max_abs 0。误差可判定：是；小于 1e-5：是；float 更快：否。算子 bench，作业 1799867，1024，592 核。,20.5099,16.4425,0.8017,0,是,是,否,已测
能做混合精度,441,552,Segmentation/LevelSets,ImplicitManifoldNormalVectorFilter,并行,22.1765,4.6039,,,,,灵昇 592 核已做单精度对双精度对比。float 102.9445 ms，double 105.8714 ms，加速比 1.0284，max_abs 0。误差可判定：是；小于 1e-5：是；float 更快：是。算子 bench，作业 1799867，1024，592 核。,102.9445,105.8714,1.0284,0,是,是,是,已测
能做混合精度,442,553,Segmentation/LevelSets,IsotropicFourthOrderLevelSetImageFilter,并行,1524.4637,1626.2149,1594.9345,1.0196,0,是,灵昇 592 核已做单精度对双精度对比。float 9394.8342 ms，double 9142.8048 ms，加速比 0.9732，max_abs 0。误差可判定：是；小于 1e-5：是；float 更快：否。算子 bench，作业 1799867，1024，592 核。,9394.8342,9142.8048,0.9732,0,是,是,否,已测
能做混合精度,443,554,Segmentation/LevelSets,LaplacianSegmentationLevelSetImageFilter,并行,36.0059,29.1101,28.3164,1.0280,0,是,灵昇 592 核已做单精度对双精度对比。float 99.7630 ms，double 108.7787 ms，加速比 1.0904，max_abs 0。误差可判定：是；小于 1e-5：是；float 更快：是。算子 bench，作业 1799867，1024，592 核。,99.7630,108.7787,1.0904,0,是,是,是,已测
能做混合精度,444,555,Segmentation/LevelSets,NarrowBandCurvesLevelSetImageFilter,并行,153.6073,154.9953,154.9081,1.0006,0,是,灵昇 592 核已做单精度对双精度对比。float 516.7547 ms，double 519.3602 ms，加速比 1.0050，max_abs 0。误差可判定：是；小于 1e-5：是；float 更快：是。算子 bench，作业 1799867，1024，592 核。,516.7547,519.3602,1.0050,0,是,是,是,已测
能做混合精度,445,557,Segmentation/LevelSets,NarrowBandThresholdSegmentationLevelSetImageFilter,并行,84.5810,101.9677,94.1738,1.0828,0,是,灵昇 592 核已做单精度对双精度对比。float 331.0552 ms，double 352.9609 ms，加速比 1.0662，max_abs 0。误差可判定：是；小于 1e-5：是；float 更快：是。算子 bench，作业 1799867，1024，592 核。,331.0552,352.9609,1.0662,0,是,是,是,已测
能做混合精度,446,559,Segmentation/LevelSets,ReinitializeLevelSetImageFilter,并行,513.4594,522.6077,496.8629,1.0518,0,是,灵昇 592 核已做单精度对双精度对比。float 1267.7648 ms，double 1315.8042 ms，加速比 1.0379，max_abs 0。误差可判定：是；小于 1e-5：是；float 更快：是。算子 bench，作业 1799867，1024，592 核。,1267.7648,1315.8042,1.0379,0,是,是,是,已测
能做混合精度,447,561,Segmentation/LevelSets,ShapeDetectionLevelSetImageFilter,并行,32.6381,27.4550,26.6964,1.0284,0,是,灵昇 592 核已做单精度对双精度对比。float 85.7215 ms，double 85.8752 ms，加速比 1.0018，max_abs 0。误差可判定：是；小于 1e-5：是；float 更快：是。算子 bench，作业 1799867，1024，592 核。,85.7215,85.8752,1.0018,0,是,是,是,已测
能做混合精度,448,565,Segmentation/LevelSets,ThresholdSegmentationLevelSetImageFilter,并行,42.2737,34.7028,32.8214,1.0573,0,是,灵昇 592 核已做单精度对双精度对比。float 92.1627 ms，double 113.3062 ms，加速比 1.2294，max_abs 0。误差可判定：是；小于 1e-5：是；float 更快：是。算子 bench，作业 1799867，1024，592 核。,92.1627,113.3062,1.2294,0,是,是,是,已测
能做混合精度,449,566,Segmentation/LevelSets,UnsharpMaskLevelSetImageFilter,并行,141.2819,185.1438,185.5958,0.9976,0,否,灵昇 592 核已做单精度对双精度对比。float 973.4904 ms，double 992.5286 ms，加速比 1.0196，max_abs 0。误差可判定：是；小于 1e-5：是；float 更快：是。算子 bench，作业 1799867，1024，592 核。,973.4904,992.5286,1.0196,0,是,是,是,已测
能做混合精度,450,567,Segmentation/LevelSets,VectorThresholdSegmentationLevelSetImageFilter,并行,6.3752,1.8261,1.8162,1.0055,0,是,灵昇 592 核已做单精度对双精度对比。float 2.7548 ms，double 3.2306 ms，加速比 1.1727，max_abs 0。误差可判定：是；小于 1e-5：是；float 更快：是。算子 bench，作业 1799867，1024，592 核。,2.7548,3.2306,1.1727,0,是,是,是,已测
能做混合精度,451,568,Segmentation/LevelSetsv4,LevelSetDomainMapImageFilter,并行,0.0537,0.0529,,,,,灵昇 592 核已做单精度对双精度对比。float 0.1287 ms，double 0.1152 ms，加速比 0.8951，max_abs 0。误差可判定：是；小于 1e-5：是；float 更快：否。算子 bench，作业 1799867，1024，592 核。,0.1287,0.1152,0.8951,0,是,是,否,已测
能做混合精度,452,569,Segmentation/MarkovRandomFieldsClassifiers,MRFImageFilter,并行,,,,,,,灵昇 592 核已做单精度对双精度对比。float 0.1666 ms，double 0.1572 ms，加速比 0.9433，max_abs 0。误差可判定：是；小于 1e-5：是；float 更快：否。作业 1803449，按 ITK 单测造 6×6×3、2 通道、3 类。,0.1666,0.1572,0.9433,0,是,是,否,已测
能做混合精度,453,570,Segmentation/MarkovRandomFieldsClassifiers,RGBGibbsPriorFilter,并行,,,,,,,灵昇 592 核已做单精度对双精度对比。float 0.2678 ms，double 0.2524 ms，加速比 0.9423，max_abs 0。误差可判定：是；小于 1e-5：是；float 更快：否。作业 1803449，按 ITK 单测造 20×20×1、1 通道、3 类。,0.2678,0.2524,0.9423,0,是,是,否,已测
能做混合精度,454,571,Segmentation/RegionGrowing,ConfidenceConnectedImageFilter,串行,,,,,,,灵昇 592 核已做单精度对双精度对比。float 6.3123 ms，double 23.3247 ms，加速比 3.6951，max_abs 0.00000000。误差可判定：是；小于 1e-5：是；float 更快：是。算子 bench，作业 1799867，1024，592 核。,6.3123,23.3247,3.6951,0.00000000,是,是,是,已测
能做混合精度,455,572,Segmentation/RegionGrowing,ConnectedThresholdImageFilter,串行,,,,,,,灵昇 592 核已做单精度对双精度对比。float 1.4942 ms，double 13.7897 ms，加速比 9.2288，max_abs 0.00000000。误差可判定：是；小于 1e-5：是；float 更快：是。算子 bench，作业 1799867，1024，592 核。,1.4942,13.7897,9.2288,0.00000000,是,是,是,已测
能做混合精度,456,573,Segmentation/RegionGrowing,IsolatedConnectedImageFilter,串行,,,,,,,灵昇 592 核已做单精度对双精度对比。float 17.8442 ms，double 24.0244 ms，加速比 1.3463，max_abs 0.00000000。误差可判定：是；小于 1e-5：是；float 更快：是。算子 bench，作业 1799867，1024，592 核。,17.8442,24.0244,1.3463,0.00000000,是,是,是,已测
能做混合精度,457,574,Segmentation/RegionGrowing,NeighborhoodConnectedImageFilter,串行,,,,,,,灵昇 592 核已做单精度对双精度对比。float 3.0239 ms，double 14.5993 ms，加速比 4.8280，max_abs 0.00000000。误差可判定：是；小于 1e-5：是；float 更快：是。算子 bench，作业 1799867，1024，592 核。,3.0239,14.5993,4.8280,0.00000000,是,是,是,已测
能做混合精度,458,575,Segmentation/RegionGrowing,VectorConfidenceConnectedImageFilter,串行,,,,,,,灵昇 592 核已做单精度对双精度对比。float 19.5894 ms，double 36.6753 ms，加速比 1.8722，max_abs 0.00000000。误差可判定：是；小于 1e-5：是；float 更快：是。算子 bench，作业 1799867，1024，592 核。,19.5894,36.6753,1.8722,0.00000000,是,是,是,已测
能做混合精度,459,576,Segmentation/SuperPixel,SLICImageFilter,并行,157.3941,219.9676,,,,,灵昇 592 核已做单精度对双精度对比。float 2273.7936 ms，double 2388.0833 ms，加速比 1.0503，max_abs 0.00000000。误差可判定：是；小于 1e-5：是；float 更快：是。算子 bench，作业 1799867，1024，592 核。,2273.7936,2388.0833,1.0503,0.00000000,是,是,是,已测
能做混合精度,460,577,Segmentation/Voronoi,VoronoiPartitioningImageFilter,并行,1.2243,1.2332,,,,,灵昇 592 核已做单精度对双精度对比。float 2.9730 ms，double 2.9847 ms，加速比 1.0039，max_abs 0。误差可判定：是；小于 1e-5：是；float 更快：是。算子 bench，作业 1799867，1024，592 核。,2.9730,2.9847,1.0039,0,是,是,是,已测
能做混合精度,461,578,Segmentation/Voronoi,VoronoiSegmentationImageFilter,并行,1.0201,1.0918,,,,,灵昇 592 核已做单精度对双精度对比。float 2.5179 ms，double 2.5605 ms，加速比 1.0169，max_abs 0。误差可判定：是；小于 1e-5：是；float 更快：是。算子 bench，作业 1799867，1024，592 核。,2.5179,2.5605,1.0169,0,是,是,是,已测
能做混合精度,462,580,Segmentation/Voronoi,VoronoiSegmentationRGBImageFilter,并行,2.8185,5.8440,,,,,灵昇 592 核已做单精度对双精度对比。float 5.5239 ms，double 5.1159 ms，加速比 0.9261，max_abs 0。误差可判定：是；小于 1e-5：是；float 更快：否。算子 bench，作业 1799867，1024，592 核。,5.5239,5.1159,0.9261,0,是,是,否,已测
能做混合精度,463,581,Segmentation/Watersheds,IsolatedWatershedImageFilter,并行,1469.4252,1479.9124,,,,,灵昇 592 核已做单精度对双精度对比。float 5857.0213 ms，double 5600.4278 ms，加速比 0.9562，max_abs 0.00000000。误差可判定：是；小于 1e-5：是；float 更快：否。算子 bench，作业 1799867，1024，592 核。,5857.0213,5600.4278,0.9562,0.00000000,是,是,否,已测
能做混合精度,464,582,Segmentation/Watersheds,MorphologicalWatershedFromMarkersImageFilter,并行,127.3335,128.2410,,,,,灵昇 592 核已做单精度对双精度对比。float 361.8832 ms，double 420.7696 ms，加速比 1.1627，max_abs 0.00000000。误差可判定：是；小于 1e-5：是；float 更快：是。算子 bench，作业 1799867，1024，592 核。,361.8832,420.7696,1.1627,0.00000000,是,是,是,已测
能做混合精度,465,583,Segmentation/Watersheds,MorphologicalWatershedImageFilter,并行,430.8874,437.8676,,,,,灵昇 592 核已做单精度对双精度对比。float 1144.9824 ms，double 1317.8210 ms，加速比 1.1510，max_abs 0.00000000。误差可判定：是；小于 1e-5：是；float 更快：是。算子 bench，作业 1799867，1024，592 核。,1144.9824,1317.8210,1.1510,0.00000000,是,是,是,已测
能做混合精度,466,584,Segmentation/Watersheds,TobogganImageFilter,并行,118.1578,121.9029,,,,,灵昇 592 核已做单精度对双精度对比。float 234.2334 ms，double 265.1431 ms，加速比 1.1320，max_abs 0.00000000。误差可判定：是；小于 1e-5：是；float 更快：是。算子 bench，作业 1799867，1024，592 核。,234.2334,265.1431,1.1320,0.00000000,是,是,是,已测
能做混合精度,467,585,Segmentation/Watersheds,WatershedImageFilter,并行,344.9216,335.7351,,,,,灵昇 592 核已做单精度对双精度对比。float 927.1819 ms，double 943.2518 ms，加速比 1.0173，max_abs 0.00000000。误差可判定：是；小于 1e-5：是；float 更快：是。算子 bench，作业 1799867，1024，592 核。,927.1819,943.2518,1.0173,0.00000000,是,是,是,已测
能做混合精度,468,151,Filtering/ImageFilterBase,VectorNeighborhoodOperatorImageFilter,并行,,,,,,,每个像素不是一个亮度，而是彩色、箭头（位移）或多个数。混合精度对比需要一张灰度亮度图，套不上。 灵昇 592 核补测（作业 1803853，cn23174）。向量图+DerivativeOperator，分量 max_abs。float 10.2125 ms，double 10.1658 ms，加速比 0.9954，max_abs 0。误差可判定：是；小于 1e-5：是；float 更快：否。,10.2125,10.1658,0.9954,0.00000000e+00,是,是,否,已测
能做混合精度,469,153,Filtering/ImageFrequency,UnaryFrequencyDomainFilter,并行,,,,,,,输出是频谱（每个点两个数：实部+虚部），不是灰度亮度图。不能按「一张单精度灰图 vs 一张双精度灰图」去填混合精度。 灵昇 592 核补测（作业 1803853，cn23174）。Vnl FFT 频谱后恒等 functor，复数实部/虚部 max_abs。float 0.8562 ms，double 1.0327 ms，加速比 1.2062，max_abs 7.694e-03。误差可判定：是；小于 1e-5：否；float 更快：是。,0.8562,1.0327,1.2062,7.69442780e-03,是,否,是,已测
能做混合精度,470,518,Registration/RegistrationMethodsv4,BSplineSyNImageRegistrationMethod,并行,,,,,,,需要固定图+移动图+变换，不是单张灰度滤波。未单独测混合精度。 灵昇 592 核补测（作业 1803853，cn23174）。官方 adaptor+逆位移场。float 113.3329 ms，double 116.9995 ms，加速比 1.0324，max_abs 6.692e-07。误差可判定：是；小于 1e-5：是；float 更快：是。,113.3329,116.9995,1.0324,6.69191785e-07,是,是,是,已测
能做混合精度,471,521,Registration/RegistrationMethodsv4,TimeVaryingBSplineVelocityFieldImageRegistrationMethod,并行,,,,,,,每个像素不是一个亮度，而是彩色、箭头（位移）或多个数。混合精度对比需要一张灰度亮度图，套不上。 灵昇 592 核补测（作业 1803853，cn23174）。控制点格子+adaptor。float 91.9560 ms，double 196.0336 ms，加速比 2.1318，max_abs 6.692e-07。误差可判定：是；小于 1e-5：是；float 更快：是。,91.9560,196.0336,2.1318,6.69191785e-07,是,是,是,已测
不能做混合精度,1,2,Filtering/AnisotropicSmoothing,AnisotropicDiffusionImageFilter,并行,,,,,,,这是空壳接口，不能单独拿一张图计时。没有可比较的输入输出，所以不能做混合精度。,,,,,,,,未测
不能做混合精度,2,15,Filtering/BinaryMathematicalMorphology,BinaryMorphologyImageFilter,并行,,,,,,,主要输出 0 和 1（物体/背景），不是连续灰度。表上的混合精度专指灰度图单精度 vs 双精度，故不填。,,,,,,,,未测
不能做混合精度,3,22,Filtering/BinaryMathematicalMorphology,ObjectMorphologyImageFilter,并行,,,,,,,这是空壳接口，不能单独拿一张图计时。没有可比较的输入输出，所以不能做混合精度。,,,,,,,,未测
不能做混合精度,4,25,Filtering/Convolution,ConvolutionImageFilterBase,并行,,,,,,,这是空壳接口，不能单独拿一张图计时。没有可比较的输入输出，所以不能做混合精度。,,,,,,,,未测
不能做混合精度,5,34,Filtering/Deconvolution,IterativeDeconvolutionImageFilter,并行,,,,,,,这是空壳接口，不能单独拿一张图计时。没有可比较的输入输出，所以不能做混合精度。,,,,,,,,未测
不能做混合精度,6,42,Filtering/Denoising,PatchBasedDenoisingBaseImageFilter,并行,,,,,,,这是空壳接口，不能单独拿一张图计时。没有可比较的输入输出，所以不能做混合精度。,,,,,,,,未测
不能做混合精度,7,66,Filtering/FFT,ComplexToComplex1DFFTImageFilter,并行,,,,,,,这是空壳接口，不能单独拿一张图计时。没有可比较的输入输出，所以不能做混合精度。,,,,,,,,未测
不能做混合精度,8,67,Filtering/FFT,ComplexToComplexFFTImageFilter,并行,,,,,,,这是空壳接口，不能单独拿一张图计时。没有可比较的输入输出，所以不能做混合精度。,,,,,,,,未测
不能做混合精度,9,70,Filtering/FFT,FFTWComplexToComplex1DFFTImageFilter,并行,,,,,,,每个像素不是一个亮度，而是彩色、箭头（位移）或多个数。混合精度对比需要一张灰度亮度图，套不上。,,,,,,,,未测
不能做混合精度,10,71,Filtering/FFT,FFTWComplexToComplexFFTImageFilter,并行,,,,,,,每个像素不是一个亮度，而是彩色、箭头（位移）或多个数。混合精度对比需要一张灰度亮度图，套不上。,,,,,,,,未测
不能做混合精度,11,72,Filtering/FFT,FFTWForward1DFFTImageFilter,并行,,,,,,,本机没用这套傅里叶变换库，跑不了，所以没有混合精度时间。,,,,,,,,未测
不能做混合精度,12,73,Filtering/FFT,FFTWForwardFFTImageFilter,并行,,,,,,,本机没用这套傅里叶变换库，跑不了，所以没有混合精度时间。,,,,,,,,未测
不能做混合精度,13,74,Filtering/FFT,FFTWHalfHermitianToRealInverseFFTImageFilter,并行,,,,,,,本机没用这套傅里叶变换库，跑不了，所以没有混合精度时间。,,,,,,,,未测
不能做混合精度,14,75,Filtering/FFT,FFTWInverse1DFFTImageFilter,并行,,,,,,,本机没用这套傅里叶变换库，跑不了，所以没有混合精度时间。,,,,,,,,未测
不能做混合精度,15,76,Filtering/FFT,FFTWInverseFFTImageFilter,并行,,,,,,,本机没用这套傅里叶变换库，跑不了，所以没有混合精度时间。,,,,,,,,未测
不能做混合精度,16,77,Filtering/FFT,FFTWRealToHalfHermitianForwardFFTImageFilter,并行,,,,,,,本机没用这套傅里叶变换库，跑不了，所以没有混合精度时间。,,,,,,,,未测
不能做混合精度,17,78,Filtering/FFT,Forward1DFFTImageFilter,并行,,,,,,,这是空壳接口，不能单独拿一张图计时。没有可比较的输入输出，所以不能做混合精度。,,,,,,,,未测
不能做混合精度,18,79,Filtering/FFT,ForwardFFTImageFilter,并行,,,,,,,这是空壳接口，不能单独拿一张图计时。没有可比较的输入输出，所以不能做混合精度。,,,,,,,,未测
不能做混合精度,19,81,Filtering/FFT,HalfHermitianToRealInverseFFTImageFilter,并行,,,,,,,这是空壳接口，不能单独拿一张图计时。没有可比较的输入输出，所以不能做混合精度。,,,,,,,,未测
不能做混合精度,20,83,Filtering/FFT,Inverse1DFFTImageFilter,并行,,,,,,,这是空壳接口，不能单独拿一张图计时。没有可比较的输入输出，所以不能做混合精度。,,,,,,,,未测
不能做混合精度,21,84,Filtering/FFT,InverseFFTImageFilter,并行,,,,,,,这是空壳接口，不能单独拿一张图计时。没有可比较的输入输出，所以不能做混合精度。,,,,,,,,未测
不能做混合精度,22,85,Filtering/FFT,RealToHalfHermitianForwardFFTImageFilter,并行,,,,,,,这是空壳接口，不能单独拿一张图计时。没有可比较的输入输出，所以不能做混合精度。,,,,,,,,未测
不能做混合精度,23,95,Filtering/FastMarching,FastMarchingExtensionImageFilterBase,并行,,,,,,,这是空壳接口，不能单独拿一张图计时。没有可比较的输入输出，所以不能做混合精度。,,,,,,,,未测
不能做混合精度,24,97,Filtering/FastMarching,FastMarchingImageFilterBase,并行,,,,,,,这是空壳接口，不能单独拿一张图计时。没有可比较的输入输出，所以不能做混合精度。,,,,,,,,未测
不能做混合精度,25,98,Filtering/FastMarching,FastMarchingQuadEdgeMeshFilterBase,并行,,,,,,,这是空壳接口，不能单独拿一张图计时。没有可比较的输入输出，所以不能做混合精度。,,,,,,,,未测
不能做混合精度,26,100,Filtering/FastMarching,FastMarchingUpwindGradientImageFilterBase,并行,,,,,,,这是空壳接口，不能单独拿一张图计时。没有可比较的输入输出，所以不能做混合精度。,,,,,,,,未测
不能做混合精度,27,101,Filtering/GPUAnisotropicSmoothing,GPUAnisotropicDiffusionImageFilter,并行,,,,,,,这是给显卡用的函数。鲲鹏这次没开显卡，跑不了，所以没有混合精度时间。,,,,,,,,未测
不能做混合精度,28,102,Filtering/GPUAnisotropicSmoothing,GPUGradientAnisotropicDiffusionImageFilter,并行,,,,,,,这是给显卡用的函数。鲲鹏这次没开显卡，跑不了，所以没有混合精度时间。,,,,,,,,未测
不能做混合精度,29,103,Filtering/GPUImageFilterBase,GPUBoxImageFilter,并行,,,,,,,这是给显卡用的函数。鲲鹏这次没开显卡，跑不了，所以没有混合精度时间。,,,,,,,,未测
不能做混合精度,30,104,Filtering/GPUImageFilterBase,GPUCastImageFilter,并行,,,,,,,这是给显卡用的函数。鲲鹏这次没开显卡，跑不了，所以没有混合精度时间。,,,,,,,,未测
不能做混合精度,31,105,Filtering/GPUImageFilterBase,GPUNeighborhoodOperatorImageFilter,并行,,,,,,,这是给显卡用的函数。鲲鹏这次没开显卡，跑不了，所以没有混合精度时间。,,,,,,,,未测
不能做混合精度,32,106,Filtering/GPUSmoothing,GPUDiscreteGaussianImageFilter,并行,,,,,,,这是给显卡用的函数。鲲鹏这次没开显卡，跑不了，所以没有混合精度时间。,,,,,,,,未测
不能做混合精度,33,107,Filtering/GPUSmoothing,GPUMeanImageFilter,并行,,,,,,,这是给显卡用的函数。鲲鹏这次没开显卡，跑不了，所以没有混合精度时间。,,,,,,,,未测
不能做混合精度,34,108,Filtering/GPUThresholding,GPUBinaryThresholdImageFilter,并行,,,,,,,这是给显卡用的函数。鲲鹏这次没开显卡，跑不了，所以没有混合精度时间。,,,,,,,,未测
不能做混合精度,35,137,Filtering/ImageFilterBase,BinaryFunctorImageFilter,并行,,,,,,,这是框架/基类，要再挂具体规则才能跑。不能单独做混合精度对比。,,,,,,,,未测
不能做混合精度,36,138,Filtering/ImageFilterBase,BinaryGeneratorImageFilter,并行,,,,,,,这是框架/基类，要再挂具体规则才能跑。不能单独做混合精度对比。,,,,,,,,未测
不能做混合精度,37,139,Filtering/ImageFilterBase,BoxImageFilter,并行,,,,,,,这是框架/基类，要再挂具体规则才能跑。不能单独做混合精度对比。,,,,,,,,未测
不能做混合精度,38,141,Filtering/ImageFilterBase,KernelImageFilter,并行,,,,,,,这是框架/基类，要再挂具体规则才能跑。不能单独做混合精度对比。,,,,,,,,未测
不能做混合精度,39,142,Filtering/ImageFilterBase,MaskNeighborhoodOperatorImageFilter,并行,,,,,,,这是框架/基类，要再挂具体规则才能跑。不能单独做混合精度对比。,,,,,,,,未测
不能做混合精度,40,143,Filtering/ImageFilterBase,MovingHistogramImageFilter,并行,,,,,,,这是框架/基类，要再挂具体规则才能跑。不能单独做混合精度对比。,,,,,,,,未测
不能做混合精度,41,144,Filtering/ImageFilterBase,MovingHistogramImageFilterBase,并行,,,,,,,这是空壳接口，不能单独拿一张图计时。没有可比较的输入输出，所以不能做混合精度。,,,,,,,,未测
不能做混合精度,42,145,Filtering/ImageFilterBase,NeighborhoodOperatorImageFilter,并行,,,,,,,这是框架/基类，要再挂具体规则才能跑。不能单独做混合精度对比。,,,,,,,,未测
不能做混合精度,43,147,Filtering/ImageFilterBase,RecursiveSeparableImageFilter,并行,,,,,,,这是空壳接口，不能单独拿一张图计时。没有可比较的输入输出，所以不能做混合精度。,,,,,,,,未测
不能做混合精度,44,148,Filtering/ImageFilterBase,TernaryFunctorImageFilter,并行,,,,,,,这是框架/基类，要再挂具体规则才能跑。不能单独做混合精度对比。,,,,,,,,未测
不能做混合精度,45,149,Filtering/ImageFilterBase,TernaryGeneratorImageFilter,并行,,,,,,,这是框架/基类，要再挂具体规则才能跑。不能单独做混合精度对比。,,,,,,,,未测
不能做混合精度,46,150,Filtering/ImageFilterBase,UnaryGeneratorImageFilter,并行,,,,,,,这是框架/基类，要再挂具体规则才能跑。不能单独做混合精度对比。,,,,,,,,未测
不能做混合精度,47,165,Filtering/ImageGrid,BSplineCenteredL2ResampleImageFilterBase,并行,,,,,,,这是空壳接口，不能单独拿一张图计时。没有可比较的输入输出，所以不能做混合精度。,,,,,,,,未测
不能做混合精度,48,166,Filtering/ImageGrid,BSplineCenteredResampleImageFilterBase,并行,,,,,,,这是空壳接口，不能单独拿一张图计时。没有可比较的输入输出，所以不能做混合精度。,,,,,,,,未测
不能做混合精度,49,169,Filtering/ImageGrid,BSplineL2ResampleImageFilterBase,并行,,,,,,,这是空壳接口，不能单独拿一张图计时。没有可比较的输入输出，所以不能做混合精度。,,,,,,,,未测
不能做混合精度,50,170,Filtering/ImageGrid,BSplineResampleImageFilterBase,并行,,,,,,,这是空壳接口，不能单独拿一张图计时。没有可比较的输入输出，所以不能做混合精度。,,,,,,,,未测
不能做混合精度,51,185,Filtering/ImageGrid,PadImageFilterBase,并行,,,,,,,这是空壳接口，不能单独拿一张图计时。没有可比较的输入输出，所以不能做混合精度。,,,,,,,,未测
不能做混合精度,52,200,Filtering/ImageIntensity,AdaptImageFilter,并行,,,,,,,需要掩膜或第二张图，单张切片不够。未测混合精度。,,,,,,,,未测
不能做混合精度,53,235,Filtering/ImageIntensity,NaryFunctorImageFilter,并行,,,,,,,需要掩膜或第二张图，单张切片不够。未测混合精度。,,,,,,,,未测
不能做混合精度,54,258,Filtering/ImageIntensity,TernaryOperatorImageFilter,并行,,,,,,,需要掩膜或第二张图，单张切片不够。未测混合精度。,,,,,,,,未测
不能做混合精度,55,269,Filtering/ImageNoise,NoiseBaseImageFilter,并行,,,,,,,这是空壳接口，不能单独拿一张图计时。没有可比较的输入输出，所以不能做混合精度。,,,,,,,,未测
不能做混合精度,56,275,Filtering/ImageSources,GenerateImageSource,并行,,,,,,,这是空壳接口，不能单独拿一张图计时。没有可比较的输入输出，所以不能做混合精度。,,,,,,,,未测
不能做混合精度,57,277,Filtering/ImageSources,ParametricImageSource,并行,,,,,,,这是空壳接口，不能单独拿一张图计时。没有可比较的输入输出，所以不能做混合精度。,,,,,,,,未测
不能做混合精度,58,290,Filtering/ImageStatistics,ProjectionImageFilter,并行,,,,,,,结果往往是一个统计量，或把整张图压成一条/一列，不是整张逐像素灰度图。混合精度要比两张同尺寸亮度图的差，这里对不上。,,,,,,,,未测
不能做混合精度,59,295,Filtering/LabelMap,AttributeKeepNObjectsLabelMapFilter,并行,,,,,,,输出是编号表（这块是 1、那块是 2），不是亮度图。混合精度要比的是同一套亮度用单精度和双精度各算一遍；门牌号不必算到小数，所以不填。,,,,,,,,未测
不能做混合精度,60,296,Filtering/LabelMap,AttributeOpeningLabelMapFilter,并行,,,,,,,输出是编号表（这块是 1、那块是 2），不是亮度图。混合精度要比的是同一套亮度用单精度和双精度各算一遍；门牌号不必算到小数，所以不填。,,,,,,,,未测
不能做混合精度,61,297,Filtering/LabelMap,AttributePositionLabelMapFilter,并行,,,,,,,输出是编号表（这块是 1、那块是 2），不是亮度图。混合精度要比的是同一套亮度用单精度和双精度各算一遍；门牌号不必算到小数，所以不填。,,,,,,,,未测
不能做混合精度,62,298,Filtering/LabelMap,AttributeRelabelLabelMapFilter,并行,,,,,,,输出是编号表（这块是 1、那块是 2），不是亮度图。混合精度要比的是同一套亮度用单精度和双精度各算一遍；门牌号不必算到小数，所以不填。,,,,,,,,未测
不能做混合精度,63,299,Filtering/LabelMap,AttributeSelectionLabelMapFilter,并行,,,,,,,输出是编号表（这块是 1、那块是 2），不是亮度图。混合精度要比的是同一套亮度用单精度和双精度各算一遍；门牌号不必算到小数，所以不填。,,,,,,,,未测
不能做混合精度,64,300,Filtering/LabelMap,AttributeUniqueLabelMapFilter,并行,,,,,,,输出是编号表（这块是 1、那块是 2），不是亮度图。混合精度要比的是同一套亮度用单精度和双精度各算一遍；门牌号不必算到小数，所以不填。,,,,,,,,未测
不能做混合精度,65,310,Filtering/LabelMap,BinaryReconstructionLabelMapFilter,并行,,,,,,,输出是编号表（这块是 1、那块是 2），不是亮度图。混合精度要比的是同一套亮度用单精度和双精度各算一遍；门牌号不必算到小数，所以不填。,,,,,,,,未测
不能做混合精度,66,319,Filtering/LabelMap,InPlaceLabelMapFilter,并行,,,,,,,输出是编号表（这块是 1、那块是 2），不是亮度图。混合精度要比的是同一套亮度用单精度和双精度各算一遍；门牌号不必算到小数，所以不填。,,,,,,,,未测
不能做混合精度,67,323,Filtering/LabelMap,LabelMapFilter,并行,,,,,,,输出是编号表（这块是 1、那块是 2），不是亮度图。混合精度要比的是同一套亮度用单精度和双精度各算一遍；门牌号不必算到小数，所以不填。,,,,,,,,未测
不能做混合精度,68,333,Filtering/LabelMap,LabelUniqueLabelMapFilter,并行,,,,,,,输出是编号表（这块是 1、那块是 2），不是亮度图。混合精度要比的是同一套亮度用单精度和双精度各算一遍；门牌号不必算到小数，所以不填。,,,,,,,,未测
不能做混合精度,69,335,Filtering/LabelMap,ObjectByObjectLabelMapFilter,并行,,,,,,,输出是编号表（这块是 1、那块是 2），不是亮度图。混合精度要比的是同一套亮度用单精度和双精度各算一遍；门牌号不必算到小数，所以不填。,,,,,,,,未测
不能做混合精度,70,337,Filtering/LabelMap,RegionFromReferenceLabelMapFilter,并行,,,,,,,输出是编号表（这块是 1、那块是 2），不是亮度图。混合精度要比的是同一套亮度用单精度和双精度各算一遍；门牌号不必算到小数，所以不填。,,,,,,,,未测
不能做混合精度,71,342,Filtering/LabelMap,ShapePositionLabelMapFilter,并行,,,,,,,输出是编号表（这块是 1、那块是 2），不是亮度图。混合精度要比的是同一套亮度用单精度和双精度各算一遍；门牌号不必算到小数，所以不填。,,,,,,,,未测
不能做混合精度,72,350,Filtering/LabelMap,StatisticsPositionLabelMapFilter,并行,,,,,,,输出是编号表（这块是 1、那块是 2），不是亮度图。混合精度要比的是同一套亮度用单精度和双精度各算一遍；门牌号不必算到小数，所以不填。,,,,,,,,未测
不能做混合精度,73,353,Filtering/LabelMap,StatisticsUniqueLabelMapFilter,并行,,,,,,,输出是编号表（这块是 1、那块是 2），不是亮度图。混合精度要比的是同一套亮度用单精度和双精度各算一遍；门牌号不必算到小数，所以不填。,,,,,,,,未测
不能做混合精度,74,356,Filtering/MathematicalMorphology,AnchorErodeDilateImageFilter,并行,,,,,,,需要特定形状的结构元素；同类灰度形态学已测一批，本函数未纳入同一套混合精度对比。,,,,,,,,未测
不能做混合精度,75,358,Filtering/MathematicalMorphology,AnchorOpenCloseImageFilter,并行,,,,,,,需要特定形状的结构元素；同类灰度形态学已测一批，本函数未纳入同一套混合精度对比。,,,,,,,,未测
不能做混合精度,76,384,Filtering/MathematicalMorphology,MorphologyImageFilter,并行,,,,,,,这是空壳接口，不能单独拿一张图计时。没有可比较的输入输出，所以不能做混合精度。,,,,,,,,未测
不能做混合精度,77,388,Filtering/MathematicalMorphology,MovingHistogramMorphologyImageFilter,并行,,,,,,,需要特定形状的结构元素；同类灰度形态学已测一批，本函数未纳入同一套混合精度对比。,,,,,,,,未测
不能做混合精度,78,393,Filtering/MathematicalMorphology,ReconstructionImageFilter,并行,,,,,,,需要特定形状的结构元素；同类灰度形态学已测一批，本函数未纳入同一套混合精度对比。,,,,,,,,未测
不能做混合精度,79,396,Filtering/MathematicalMorphology,ValuedRegionalExtremaImageFilter,并行,,,,,,,需要特定形状的结构元素；同类灰度形态学已测一批，本函数未纳入同一套混合精度对比。,,,,,,,,未测
不能做混合精度,80,400,Filtering/MathematicalMorphology,VanHerkGilWermanErodeDilateImageFilter,并行,,,,,,,需要特定形状的结构元素；同类灰度形态学已测一批，本函数未纳入同一套混合精度对比。,,,,,,,,未测
不能做混合精度,81,406,Filtering/Path,ImageAndPathToImageFilter,并行,,,,,,,处理的是曲线/折线，不是一张图片。没有逐像素亮度可对比，故不能做混合精度。,,,,,,,,未测
不能做混合精度,82,407,Filtering/Path,ImageToPathFilter,并行,,,,,,,这是空壳接口，不能单独拿一张图计时。没有可比较的输入输出，所以不能做混合精度。,,,,,,,,未测
不能做混合精度,83,409,Filtering/Path,PathAndImageToPathFilter,并行,,,,,,,处理的是曲线/折线，不是一张图片。没有逐像素亮度可对比，故不能做混合精度。,,,,,,,,未测
不能做混合精度,84,412,Filtering/Path,PathToPathFilter,并行,,,,,,,处理的是曲线/折线，不是一张图片。没有逐像素亮度可对比，故不能做混合精度。,,,,,,,,未测
不能做混合精度,85,415,Filtering/QuadEdgeMeshFiltering,DecimationQuadEdgeMeshFilter,并行,,,,,,,这是空壳接口，不能单独拿一张图计时。没有可比较的输入输出，所以不能做混合精度。,,,,,,,,未测
不能做混合精度,86,417,Filtering/QuadEdgeMeshFiltering,DiscreteCurvatureQuadEdgeMeshFilter,并行,,,,,,,这是空壳接口，不能单独拿一张图计时。没有可比较的输入输出，所以不能做混合精度。,,,,,,,,未测
不能做混合精度,87,423,Filtering/QuadEdgeMeshFiltering,DiscretePrincipalCurvaturesQuadEdgeMeshFilter,并行,,,,,,,这是空壳接口，不能单独拿一张图计时。没有可比较的输入输出，所以不能做混合精度。,,,,,,,,未测
不能做混合精度,88,424,Filtering/QuadEdgeMeshFiltering,EdgeDecimationQuadEdgeMeshFilter,并行,,,,,,,这是空壳接口，不能单独拿一张图计时。没有可比较的输入输出，所以不能做混合精度。,,,,,,,,未测
不能做混合精度,89,425,Filtering/QuadEdgeMeshFiltering,LaplacianDeformationQuadEdgeMeshFilter,并行,,,,,,,这是空壳接口，不能单独拿一张图计时。没有可比较的输入输出，所以不能做混合精度。,,,,,,,,未测
不能做混合精度,90,463,Registration/Common,CompareHistogramImageToImageMetric,并行,,,,,,,这是空壳接口，不能单独拿一张图计时。没有可比较的输入输出，所以不能做混合精度。,,,,,,,,未测
不能做混合精度,91,467,Registration/Common,HistogramImageToImageMetric,并行,,,,,,,这是空壳接口，不能单独拿一张图计时。没有可比较的输入输出，所以不能做混合精度。,,,,,,,,未测
不能做混合精度,92,469,Registration/Common,ImageToImageMetric,并行,,,,,,,这是空壳接口，不能单独拿一张图计时。没有可比较的输入输出，所以不能做混合精度。,,,,,,,,未测
不能做混合精度,93,470,Registration/Common,ImageToSpatialObjectMetric,并行,,,,,,,这是空壳接口，不能单独拿一张图计时。没有可比较的输入输出，所以不能做混合精度。,,,,,,,,未测
不能做混合精度,94,488,Registration/Common,PointSetToImageMetric,并行,,,,,,,这是空壳接口，不能单独拿一张图计时。没有可比较的输入输出，所以不能做混合精度。,,,,,,,,未测
不能做混合精度,95,490,Registration/Common,PointSetToPointSetMetric,并行,,,,,,,这是空壳接口，不能单独拿一张图计时。没有可比较的输入输出，所以不能做混合精度。,,,,,,,,未测
不能做混合精度,96,493,Registration/FEM,FEMRegistrationFilter,并行,,,,,,,需要力学网格和材料参数，不是对一张亮度图滤波。不能做混合精度。,,,,,,,,未测
不能做混合精度,97,494,Registration/FEM,PhysicsBasedNonRigidRegistrationMethod,并行,,,,,,,需要力学网格和材料参数，不是对一张亮度图滤波。不能做混合精度。,,,,,,,,未测
不能做混合精度,98,495,Registration/GPUPDEDeformable,GPUDemonsRegistrationFilter,并行,,,,,,,这是给显卡用的函数。鲲鹏这次没开显卡，跑不了，所以没有混合精度时间。,,,,,,,,未测
不能做混合精度,99,496,Registration/GPUPDEDeformable,GPUPDEDeformableRegistrationFilter,并行,,,,,,,这是给显卡用的函数。鲲鹏这次没开显卡，跑不了，所以没有混合精度时间。,,,,,,,,未测
不能做混合精度,100,502,Registration/Metricsv4,ImageToImageMetricv4,并行,,,,,,,这是空壳接口，不能单独拿一张图计时。没有可比较的输入输出，所以不能做混合精度。,,,,,,,,未测
不能做混合精度,101,509,Registration/Metricsv4,PointSetToPointSetMetricWithIndexv4,并行,,,,,,,这是空壳接口，不能单独拿一张图计时。没有可比较的输入输出，所以不能做混合精度。,,,,,,,,未测
不能做混合精度,102,510,Registration/Metricsv4,PointSetToPointSetMetricv4,并行,,,,,,,这是空壳接口，不能单独拿一张图计时。没有可比较的输入输出，所以不能做混合精度。,,,,,,,,未测
不能做混合精度,103,511,Registration/PDEDeformable,CurvatureRegistrationFilter,并行,,,,,,,需要两张图反复对齐，不是单张图滤波。本次未按这套输入测混合精度。 灵昇 592 核复测没有有效对比：needs_FFTW。 灵昇 592 核补测没有有效对比：needs_FFTW。当前 ITK 编译 ITK_USE_FFTWD/F 均为 OFF，机器上也没有 libfftw。,,,,,,,,失败
不能做混合精度,104,516,Registration/PDEDeformable,PDEDeformableRegistrationFilter,并行,,,,,,,需要两张图反复对齐，不是单张图滤波。本次未按这套输入测混合精度。,,,,,,,,未测
不能做混合精度,105,526,Segmentation/ConnectedComponents,ConnectedComponentFunctorImageFilter,并行,,,,,,,输出是整数标签或分区编号，不是连续亮度。换成单精度/双精度没有「更亮一点」可对比，故不填混合精度。,,,,,,,,未测
不能做混合精度,106,537,Segmentation/KLMRegionGrowing,RegionGrowImageFilter,并行,,,,,,,这是空壳接口，不能单独拿一张图计时。没有可比较的输入输出，所以不能做混合精度。,,,,,,,,未测
不能做混合精度,107,556,Segmentation/LevelSets,NarrowBandLevelSetImageFilter,并行,,,,,,,这是空壳接口，不能单独拿一张图计时。没有可比较的输入输出，所以不能做混合精度。,,,,,,,,未测
不能做混合精度,108,558,Segmentation/LevelSets,ParallelSparseFieldLevelSetImageFilter,并行,,,,,,,缺完整输入（速度场、形状模型或差分函数），不能单独当一张灰度滤波来比混合精度。,,,,,,,,未测
不能做混合精度,109,560,Segmentation/LevelSets,SegmentationLevelSetImageFilter,并行,,,,,,,缺完整输入（速度场、形状模型或差分函数），不能单独当一张灰度滤波来比混合精度。,,,,,,,,未测
不能做混合精度,110,562,Segmentation/LevelSets,ShapePriorSegmentationLevelSetImageFilter,并行,,,,,,,这是空壳接口，不能单独拿一张图计时。没有可比较的输入输出，所以不能做混合精度。,,,,,,,,未测
不能做混合精度,111,563,Segmentation/LevelSets,SparseFieldFourthOrderLevelSetImageFilter,并行,,,,,,,这是空壳接口，不能单独拿一张图计时。没有可比较的输入输出，所以不能做混合精度。,,,,,,,,未测
不能做混合精度,112,564,Segmentation/LevelSets,SparseFieldLevelSetImageFilter,并行,,,,,,,缺完整输入（速度场、形状模型或差分函数），不能单独当一张灰度滤波来比混合精度。,,,,,,,,未测
不能做混合精度,113,579,Segmentation/Voronoi,VoronoiSegmentationImageFilterBase,并行,,,,,,,这是空壳接口，不能单独拿一张图计时。没有可比较的输入输出，所以不能做混合精度。,,,,,,,,未测
